{
"lengthUnit": "mil",
"remark": ["fly_line"],
"components": {
	"fields": ["COMPONENT_NO", "COMPONENT_NAME", "LAYER", "X_COORDINATE", "Y_COORDINATE", "ANGLE"],
	"rows": [
		[1, "C1", "T", 1785, -2270, 180],
		[2, "C2", "T", 1750, -2415, 90],
		[3, "C3", "T", 1615, -2005, 180],
		[4, "C4", "T", 1530, -1800, 0],
		[5, "C5", "T", 1530, -2160, 180],
		[6, "C13", "T", 950, -2125, 0],
		[7, "C15", "T", 1195, -2205.611, 0],
		[8, "C17", "T", 780, -2305, 270],
		[9, "C19", "T", 900, -1860, 90],
		[10, "C35", "T", 1013.3115, -2205.611, 0],
		[11, "C36", "T", 745, -2150, 0],
		[12, "C37", "T", 995, -2340, 270],
		[13, "C38", "T", 1055, -1900, 0],
		[14, "C39", "T", 265, -1440, 90],
		[15, "C40", "T", 425, -1650, 0],
		[16, "C41", "T", 270, -1610, 90],
		[17, "C42", "T", 430, -1520, 270],
		[18, "C43", "T", 830, -1215, 180],
		[19, "C44", "T", 855, -1105, 0],
		[20, "C45", "T", 860, -910, 0],
		[21, "C46", "T", 1425, -1000, 0],
		[22, "C47", "T", 1870, -1170, 270],
		[23, "C48", "T", 1770, -1165, 90],
		[24, "C49", "T", 1670, -1160, 90],
		[25, "C50", "T", 1565, -1160, 90],
		[26, "C51", "T", 1305, -1795, 180],
		[27, "C52", "T", 765, -2035, 180],
		[28, "C53", "T", 1285, -1960, 90],
		[29, "C54", "T", 1190, -2110, 0],
		[30, "L1", "T", 1870, -2415, 90],
		[31, "L2", "T", 1710, -2165, 180],
		[32, "L3", "T", 1685, -1840, 90],
		[33, "L5", "T", 1505, -835, 0],
		[34, "L9", "T", 810, -720, 90],
		[35, "L10", "T", 1615, -1000, 0],
		[36, "L11", "T", 1715, -845, 0],
		[37, "L12", "T", 1805, -990, 0],
		[38, "R1", "T", 1935, -2230, 270],
		[39, "R5", "T", -275, -1860, 180],
		[40, "R6", "T", -20, -1915, 180],
		[41, "R7", "T", -279.3765, -1956.92, 180],
		[42, "R8", "T", -20, -2015, 180],
		[43, "R9", "T", -279.3765, -2059.817, 180],
		[44, "R10", "T", -10, -2105, 180],
		[45, "R11", "T", -279.3765, -2162.714, 180],
		[46, "R12", "T", -15, -2205, 180],
		[47, "R13", "T", -280, -2260, 180],
		[48, "R14", "T", -275, -665, 0],
		[49, "R15", "T", -10, -705, 0],
		[50, "R16", "T", -10, -800, 0],
		[51, "R17", "T", -275, -870, 0],
		[52, "R18", "T", -10, -915, 0],
		[53, "R19", "T", -275, -960, 0],
		[54, "R20", "T", -10, -1015, 0],
		[55, "R21", "T", -275, -1050, 0],
		[56, "R22", "T", -10, -1105, 0],
		[57, "R23", "T", -275, -1155, 0],
		[58, "R24", "T", -10, -1205, 0],
		[59, "R25", "T", -275, -1265, 0],
		[60, "R38", "T", -15, -1315, 0],
		[61, "R39", "T", -10, -610, 180],
		[62, "R40", "T", -280, -2465, 180],
		[63, "R41", "T", 1055, -1165, 180],
		[64, "R42", "T", 1070, -825, 180],
		[65, "R43", "T", 1065, -715, 0],
		[66, "R44", "T", 1040, -1015, 0],
		[67, "R45", "T", 1320, -720, 0],
		[68, "R46", "T", 1175, -1035, 90],
		[69, "R47", "T", 860, -1015, 0],
		[70, "R48", "T", -15, -2310, 180],
		[71, "R49", "T", -280, -2365, 180],
		[72, "R50", "T", -10, -2415, 180],
		[73, "R51", "T", 1385, -2540, 180],
		[74, "R52", "T", 1225, -2380, 90],
		[75, "R53", "T", 1370, -2190, 90],
		[76, "R54", "T", 1140, -1990, 0],
		[77, "RF1", "T", 2210, -1035, 270],
		[78, "RF2", "T", 2210, -2170, 270],
		[79, "SCREW1", "T", 2169.27, -2515, 0],
		[80, "SCREW2", "T", 2175, -590, 0],
		[81, "U1", "T", 460, -985, 270],
		[82, "U2", "T", 340, -2100, 270],
		[83, "U3", "T", 770, -560, 0],
		[84, "U4", "T", 505, -2410, 180],
		[85, "U5", "T", 650, -1795, 270],
		[86, "U10", "T", -560, -1565, 270],
		[87, "U12", "T", -35, -1570, 0],
		[88, "U14", "T", 755, -1530, 270],
		[89, "U15", "T", 1500, -2390, 180],
		[90, "U16", "T", 1225, -1295, 0],
		[91, "PAD1", "T", 260.885, -660, 0],
		[92, "PAD2", "T", 260.885, -710, 0],
		[93, "PAD3", "T", 260.885, -760, 0],
		[94, "PAD4", "T", 260.885, -810, 0],
		[95, "PAD5", "T", 260.885, -860, 0],
		[96, "PAD6", "T", 260.885, -910, 0],
		[97, "PAD7", "T", 260.885, -960, 0],
		[98, "PAD8", "T", 260.885, -1010, 0],
		[99, "PAD9", "T", 260.885, -1060, 0],
		[100, "PAD10", "T", 260.885, -1110, 0],
		[101, "PAD11", "T", 260.885, -1160, 0],
		[102, "PAD12", "T", 260.885, -1210, 0],
		[103, "PAD13", "T", 659.115, -660, 0],
		[104, "PAD14", "T", 659.115, -710, 0],
		[105, "PAD15", "T", 659.115, -760, 0],
		[106, "PAD16", "T", 659.115, -860, 0],
		[107, "PAD17", "T", 659.115, -910, 0],
		[108, "PAD18", "T", 659.115, -960, 0],
		[109, "PAD19", "T", 659.115, -1010, 0],
		[110, "PAD20", "T", 659.115, -1060, 0],
		[111, "PAD21", "T", 659.115, -1110, 0],
		[112, "PAD22", "T", 659.115, -1160, 0],
		[113, "PAD23", "T", 659.115, -1210, 0],
		[114, "PAD24", "T", 659.115, -1260, 0],
		[115, "PAD25", "T", 659.115, -1310, 0],
		[116, "PAD26", "T", -510, -2515, 0],
		[117, "PAD26", "B", -510, -2515, 0],
		[118, "PAD27", "T", -610, -2515, 0],
		[119, "PAD27", "B", -610, -2515, 0],
		[120, "PAD28", "T", -510, -2415, 0],
		[121, "PAD28", "B", -510, -2415, 0],
		[122, "PAD29", "T", -610, -2415, 0],
		[123, "PAD29", "B", -610, -2415, 0],
		[124, "PAD30", "T", -510, -2315, 0],
		[125, "PAD30", "B", -510, -2315, 0],
		[126, "PAD31", "T", -610, -2315, 0],
		[127, "PAD31", "B", -610, -2315, 0],
		[128, "PAD32", "T", -510, -2215, 0],
		[129, "PAD32", "B", -510, -2215, 0],
		[130, "PAD33", "T", -610, -2215, 0],
		[131, "PAD33", "B", -610, -2215, 0],
		[132, "PAD34", "T", -510, -2115, 0],
		[133, "PAD34", "B", -510, -2115, 0],
		[134, "PAD35", "T", -610, -2115, 0],
		[135, "PAD35", "B", -610, -2115, 0],
		[136, "PAD36", "T", -510, -2015, 0],
		[137, "PAD36", "B", -510, -2015, 0],
		[138, "PAD37", "T", -610, -2015, 0],
		[139, "PAD37", "B", -610, -2015, 0],
		[140, "PAD38", "T", -510, -1915, 0],
		[141, "PAD38", "B", -510, -1915, 0],
		[142, "PAD39", "T", -610, -1915, 0],
		[143, "PAD39", "B", -610, -1915, 0],
		[144, "PAD40", "T", -510, -1315, 0],
		[145, "PAD40", "B", -510, -1315, 0],
		[146, "PAD41", "T", -610, -1315, 0],
		[147, "PAD41", "B", -610, -1315, 0],
		[148, "PAD42", "T", -510, -1215, 0],
		[149, "PAD42", "B", -510, -1215, 0],
		[150, "PAD43", "T", -610, -1215, 0],
		[151, "PAD43", "B", -610, -1215, 0],
		[152, "PAD44", "T", -510, -1115, 0],
		[153, "PAD44", "B", -510, -1115, 0],
		[154, "PAD45", "T", -610, -1115, 0],
		[155, "PAD45", "B", -610, -1115, 0],
		[156, "PAD46", "T", -510, -1015, 0],
		[157, "PAD46", "B", -510, -1015, 0],
		[158, "PAD47", "T", -610, -1015, 0],
		[159, "PAD47", "B", -610, -1015, 0],
		[160, "PAD48", "T", -510, -915, 0],
		[161, "PAD48", "B", -510, -915, 0],
		[162, "PAD49", "T", -610, -915, 0],
		[163, "PAD49", "B", -610, -915, 0],
		[164, "PAD50", "T", -510, -815, 0],
		[165, "PAD50", "B", -510, -815, 0],
		[166, "PAD51", "T", -510, -715, 0],
		[167, "PAD51", "B", -510, -715, 0],
		[168, "PAD52", "T", -610, -715, 0],
		[169, "PAD52", "B", -610, -715, 0],
		[170, "PAD53", "T", -510, -615, 0],
		[171, "PAD53", "B", -510, -615, 0],
		[172, "PAD54", "T", -610, -615, 0],
		[173, "PAD54", "B", -610, -615, 0],
		[174, "PAD55", "T", 2205.08, -1144.055, 0],
		[175, "PAD56", "T", 2205.08, -925.945, 0],
		[176, "PAD57", "T", 2214.921, -1035, 0],
		[177, "PAD58", "B", 2205.08, -1144.055, 0],
		[178, "PAD59", "B", 2205.08, -925.945, 0],
		[179, "PAD60", "T", 2205.08, -2279.055, 0],
		[180, "PAD61", "T", 2205.08, -2060.945, 0],
		[181, "PAD62", "T", 2214.921, -2170, 0],
		[182, "PAD63", "B", 2205.08, -2279.055, 0],
		[183, "PAD64", "B", 2205.08, -2060.945, 0],
		[184, "PAD65", "T", 203.97, -1933.66, 0],
		[185, "PAD66", "T", 203.97, -1959.25, 0],
		[186, "PAD67", "T", 203.97, -1984.84, 0],
		[187, "PAD68", "T", 203.97, -2010.43, 0],
		[188, "PAD69", "T", 203.97, -2036.02, 0],
		[189, "PAD70", "T", 203.97, -2061.61, 0],
		[190, "PAD71", "T", 203.97, -2087.21, 0],
		[191, "PAD72", "T", 203.97, -2112.8, 0],
		[192, "PAD73", "T", 203.97, -2138.39, 0],
		[193, "PAD74", "T", 203.97, -2163.98, 0],
		[194, "PAD75", "T", 203.97, -2189.57, 0],
		[195, "PAD76", "T", 203.97, -2215.16, 0],
		[196, "PAD77", "T", 203.97, -2240.75, 0],
		[197, "PAD78", "T", 203.97, -2266.34, 0],
		[198, "PAD79", "T", 476.03, -1933.66, 0],
		[199, "PAD80", "T", 476.03, -1959.25, 0],
		[200, "PAD81", "T", 476.03, -1984.84, 0],
		[201, "PAD82", "T", 476.03, -2010.43, 0],
		[202, "PAD83", "T", 476.03, -2036.02, 0],
		[203, "PAD84", "T", 476.03, -2061.61, 0],
		[204, "PAD85", "T", 476.03, -2087.21, 0],
		[205, "PAD86", "T", 476.03, -2112.8, 0],
		[206, "PAD87", "T", 476.03, -2138.39, 0],
		[207, "PAD88", "T", 476.03, -2163.98, 0],
		[208, "PAD89", "T", 476.03, -2189.57, 0],
		[209, "PAD90", "T", 476.03, -2240.75, 0],
		[210, "PAD91", "T", 476.03, -2266.34, 0],
		[211, "PAD92", "T", 81.927, -1660.55, 0],
		[212, "PAD93", "T", 81.927, -1570, 0],
		[213, "PAD94", "T", 81.927, -1479.45, 0],
		[214, "PAD95", "T", -151.928, -1570, 0],
		[215, "PAD96", "T", 1456.693, -2389.995, 0],
		[216, "PAD97", "T", 1456.693, -2427.395, 0],
		[217, "PAD98", "T", 1456.693, -2352.605, 0],
		[218, "PAD99", "T", 1543.313, -2427.405, 0],
		[219, "PAD100", "T", 1543.313, -2352.595, 0],
		[220, "PAD101", "T", 1268.307, -1295.005, 0],
		[221, "PAD102", "T", 1268.307, -1257.605, 0],
		[222, "PAD103", "T", 1268.307, -1332.395, 0],
		[223, "PAD104", "T", 1181.687, -1257.595, 0],
		[224, "PAD105", "T", 1181.687, -1332.405, 0],
		[225, "PAD106", "T", 1745.63, -2270, 0],
		[226, "PAD107", "T", 1824.37, -2270, 0],
		[227, "PAD108", "T", 1750, -2375.63, 0],
		[228, "PAD109", "T", 1750, -2454.37, 0],
		[229, "PAD110", "T", 1575.63, -2005, 0],
		[230, "PAD111", "T", 1654.37, -2005, 0],
		[231, "PAD112", "T", 1569.37, -1800, 0],
		[232, "PAD113", "T", 1490.63, -1800, 0],
		[233, "PAD114", "T", 1490.63, -2160, 0],
		[234, "PAD115", "T", 1569.37, -2160, 0],
		[235, "PAD116", "T", 989.37, -2125, 0],
		[236, "PAD117", "T", 910.63, -2125, 0],
		[237, "PAD118", "T", 1234.37, -2205.611, 0],
		[238, "PAD119", "T", 1155.63, -2205.611, 0],
		[239, "PAD120", "T", 780, -2344.37, 0],
		[240, "PAD121", "T", 780, -2265.63, 0],
		[241, "PAD122", "T", 900, -1820.63, 0],
		[242, "PAD123", "T", 900, -1899.37, 0],
		[243, "PAD124", "T", 265, -1400.63, 0],
		[244, "PAD125", "T", 265, -1479.37, 0],
		[245, "PAD126", "T", 464.37, -1650, 0],
		[246, "PAD127", "T", 385.63, -1650, 0],
		[247, "PAD128", "T", 270, -1570.63, 0],
		[248, "PAD129", "T", 270, -1649.37, 0],
		[249, "PAD130", "T", 430, -1559.37, 0],
		[250, "PAD131", "T", 430, -1480.63, 0],
		[251, "PAD132", "T", 790.63, -1215, 0],
		[252, "PAD133", "T", 869.37, -1215, 0],
		[253, "PAD134", "T", 894.37, -1105, 0],
		[254, "PAD135", "T", 815.63, -1105, 0],
		[255, "PAD136", "T", 899.37, -910, 0],
		[256, "PAD137", "T", 820.63, -910, 0],
		[257, "PAD138", "T", 1464.37, -1000, 0],
		[258, "PAD139", "T", 1385.63, -1000, 0],
		[259, "PAD140", "T", 1870, -1209.37, 0],
		[260, "PAD141", "T", 1870, -1130.63, 0],
		[261, "PAD142", "T", 1770, -1125.63, 0],
		[262, "PAD143", "T", 1770, -1204.37, 0],
		[263, "PAD144", "T", 1565, -1120.63, 0],
		[264, "PAD145", "T", 1565, -1199.37, 0],
		[265, "PAD146", "T", 1265.63, -1795, 0],
		[266, "PAD147", "T", 1344.37, -1795, 0],
		[267, "PAD148", "T", 725.63, -2035, 0],
		[268, "PAD149", "T", 804.37, -2035, 0],
		[269, "PAD150", "T", 1285, -1920.63, 0],
		[270, "PAD151", "T", 1285, -1999.37, 0],
		[271, "PAD152", "T", 1229.37, -2110, 0],
		[272, "PAD153", "T", 1150.63, -2110, 0],
		[273, "PAD154", "T", 1870, -2453.04, 0],
		[274, "PAD155", "T", 1870, -2376.96, 0],
		[275, "PAD156", "T", 1748.04, -2165, 0],
		[276, "PAD157", "T", 1671.96, -2165, 0],
		[277, "PAD158", "T", 1685, -1878.04, 0],
		[278, "PAD159", "T", 1685, -1801.96, 0],
		[279, "PAD160", "T", 810, -758.04, 0],
		[280, "PAD161", "T", 810, -681.96, 0],
		[281, "PAD162", "T", 1576.96, -1000, 0],
		[282, "PAD163", "T", 1653.04, -1000, 0],
		[283, "PAD164", "T", 1676.96, -845, 0],
		[284, "PAD165", "T", 1753.04, -845, 0],
		[285, "PAD166", "T", 1935, -2269.37, 0],
		[286, "PAD167", "T", 1935, -2190.63, 0],
		[287, "PAD168", "T", -314.37, -1860, 0],
		[288, "PAD169", "T", -235.63, -1860, 0],
		[289, "PAD170", "T", -59.37, -1915, 0],
		[290, "PAD171", "T", 19.37, -1915, 0],
		[291, "PAD172", "T", -318.7465, -1956.92, 0],
		[292, "PAD173", "T", -240.0065, -1956.92, 0],
		[293, "PAD174", "T", -59.37, -2015, 0],
		[294, "PAD175", "T", 19.37, -2015, 0],
		[295, "PAD176", "T", -318.7465, -2059.817, 0],
		[296, "PAD177", "T", -240.0065, -2059.817, 0],
		[297, "PAD178", "T", -49.37, -2105, 0],
		[298, "PAD179", "T", 29.37, -2105, 0],
		[299, "PAD180", "T", -318.7465, -2162.714, 0],
		[300, "PAD181", "T", -240.0065, -2162.714, 0],
		[301, "PAD182", "T", -54.37, -2205, 0],
		[302, "PAD183", "T", 24.37, -2205, 0],
		[303, "PAD184", "T", -319.37, -2260, 0],
		[304, "PAD185", "T", -240.63, -2260, 0],
		[305, "PAD186", "T", -235.63, -665, 0],
		[306, "PAD187", "T", -314.37, -665, 0],
		[307, "PAD188", "T", 29.37, -705, 0],
		[308, "PAD189", "T", -49.37, -705, 0],
		[309, "PAD190", "T", 29.37, -800, 0],
		[310, "PAD191", "T", -49.37, -800, 0],
		[311, "PAD192", "T", -235.63, -870, 0],
		[312, "PAD193", "T", -314.37, -870, 0],
		[313, "PAD194", "T", 29.37, -915, 0],
		[314, "PAD195", "T", -49.37, -915, 0],
		[315, "PAD196", "T", -235.63, -960, 0],
		[316, "PAD197", "T", -314.37, -960, 0],
		[317, "PAD198", "T", 29.37, -1015, 0],
		[318, "PAD199", "T", -49.37, -1015, 0],
		[319, "PAD200", "T", -235.63, -1050, 0],
		[320, "PAD201", "T", -314.37, -1050, 0],
		[321, "PAD202", "T", 29.37, -1105, 0],
		[322, "PAD203", "T", -49.37, -1105, 0],
		[323, "PAD204", "T", -235.63, -1155, 0],
		[324, "PAD205", "T", -314.37, -1155, 0],
		[325, "PAD206", "T", 29.37, -1205, 0],
		[326, "PAD207", "T", -49.37, -1205, 0],
		[327, "PAD208", "T", -235.63, -1265, 0],
		[328, "PAD209", "T", -314.37, -1265, 0],
		[329, "PAD210", "T", 24.37, -1315, 0],
		[330, "PAD211", "T", -54.37, -1315, 0],
		[331, "PAD212", "T", -49.37, -610, 0],
		[332, "PAD213", "T", 29.37, -610, 0],
		[333, "PAD214", "T", -319.37, -2465, 0],
		[334, "PAD215", "T", -240.63, -2465, 0],
		[335, "PAD216", "T", 1015.63, -1165, 0],
		[336, "PAD217", "T", 1094.37, -1165, 0],
		[337, "PAD218", "T", 1030.63, -825, 0],
		[338, "PAD219", "T", 1109.37, -825, 0],
		[339, "PAD220", "T", 1104.37, -715, 0],
		[340, "PAD221", "T", 1025.63, -715, 0],
		[341, "PAD222", "T", 1079.37, -1015, 0],
		[342, "PAD223", "T", 1000.63, -1015, 0],
		[343, "PAD224", "T", 1359.37, -720, 0],
		[344, "PAD225", "T", 1280.63, -720, 0],
		[345, "PAD226", "T", 1175, -995.63, 0],
		[346, "PAD227", "T", 1175, -1074.37, 0],
		[347, "PAD228", "T", 899.37, -1015, 0],
		[348, "PAD229", "T", 820.63, -1015, 0],
		[349, "PAD230", "T", -54.37, -2310, 0],
		[350, "PAD231", "T", 24.37, -2310, 0],
		[351, "PAD232", "T", -319.37, -2365, 0],
		[352, "PAD233", "T", -240.63, -2365, 0],
		[353, "PAD234", "T", -49.37, -2415, 0],
		[354, "PAD235", "T", 29.37, -2415, 0],
		[355, "PAD236", "T", 1345.63, -2540, 0],
		[356, "PAD237", "T", 1424.37, -2540, 0],
		[357, "PAD238", "T", 1225, -2340.63, 0],
		[358, "PAD239", "T", 1225, -2419.37, 0],
		[359, "PAD240", "T", 1370, -2150.63, 0],
		[360, "PAD241", "T", 1370, -2229.37, 0],
		[361, "PAD242", "T", 1052.6815, -2205.611, 0],
		[362, "PAD243", "T", 973.9415, -2205.611, 0],
		[363, "PAD244", "T", 784.37, -2150, 0],
		[364, "PAD245", "T", 705.63, -2150, 0],
		[365, "PAD246", "T", 995, -2379.37, 0],
		[366, "PAD247", "T", 995, -2300.63, 0],
		[367, "PAD248", "T", 1094.37, -1900, 0],
		[368, "PAD249", "T", 1015.63, -1900, 0],
		[369, "PAD250", "T", 1169.66, -1990, 0],
		[370, "PAD251", "T", 1110.34, -1990, 0],
		[371, "PAD252", "T", 1670, -1120.63, 0],
		[372, "PAD253", "T", 1670, -1199.37, 0],
		[373, "PAD254", "T", 1466.96, -835, 0],
		[374, "PAD255", "T", 1543.04, -835, 0],
		[375, "PAD256", "T", 1766.96, -990, 0],
		[376, "PAD257", "T", 1843.04, -990, 0],
		[377, "PAD258", "T", 731.96, -560, 0],
		[378, "PAD259", "T", 808.04, -560, 0],
		[379, "PAD260", "T", 543.04, -2410, 0],
		[380, "PAD261", "T", 466.96, -2410, 0],
		[381, "PAD262", "T", 650, -1756.96, 0],
		[382, "PAD263", "T", 650, -1833.04, 0],
		[383, "PAD264", "T", 755, -1491.96, 0],
		[384, "PAD265", "T", 755, -1568.04, 0]
	]
},
"pins": {
	"fields": ["PIN_NO", "PIN_NAME", "PIN_X", "PIN_Y", "LAYER", "PIN_TYPE", "NET_NAME", "NET_TYPE", "PAD_SHAPE", "PAD_SIZEX", "PAD_SIZEY", "HOLE_SIZE", "HOLE_LEN", "PAD_ANGLE"],
	"rows": [
		[1, "C1_1", 1824.37, -2270, "T", "SMD", "A_INPUT", "", "R", 55.512, 53.15, 0, 0, 180],
		[2, "C1_2", 1745.63, -2270, "T", "SMD", "$1N23963", "", "R", 55.512, 53.15, 0, 0, 180],
		[3, "C2_1", 1750, -2454.37, "T", "SMD", "GND", "GND", "R", 55.512, 53.15, 0, 0, 90],
		[4, "C2_2", 1750, -2375.63, "T", "SMD", "$1N23963", "", "R", 55.512, 53.15, 0, 0, 90],
		[5, "C3_1", 1654.37, -2005, "T", "SMD", "$1N23964", "", "R", 55.512, 53.15, 0, 0, 180],
		[6, "C3_2", 1575.63, -2005, "T", "SMD", "$1N23965", "", "R", 55.512, 53.15, 0, 0, 180],
		[7, "C4_1", 1490.63, -1800, "T", "SMD", "GND", "GND", "R", 55.512, 53.15, 0, 0, 0],
		[8, "C4_2", 1569.37, -1800, "T", "SMD", "$1N23965", "", "R", 55.512, 53.15, 0, 0, 0],
		[9, "C5_1", 1569.37, -2160, "T", "SMD", "$1N23965", "", "R", 55.512, 53.15, 0, 0, 180],
		[10, "C5_2", 1490.63, -2160, "T", "SMD", "A_IN", "", "R", 55.512, 53.15, 0, 0, 180],
		[11, "C13_1", 910.63, -2125, "T", "SMD", "$1N23502", "", "R", 55.512, 53.15, 0, 0, 0],
		[12, "C13_2", 989.37, -2125, "T", "SMD", "GND", "GND", "R", 55.512, 53.15, 0, 0, 0],
		[13, "C15_1", 1155.63, -2205.611, "T", "SMD", "$1N23512", "", "R", 55.512, 53.15, 0, 0, 0],
		[14, "C15_2", 1234.37, -2205.611, "T", "SMD", "GND", "GND", "R", 55.512, 53.15, 0, 0, 0],
		[15, "C17_1", 780, -2265.63, "T", "SMD", "+5V_AD", "", "R", 55.512, 53.15, 0, 0, 270],
		[16, "C17_2", 780, -2344.37, "T", "SMD", "GND", "GND", "R", 55.512, 53.15, 0, 0, 270],
		[17, "C19_1", 900, -1899.37, "T", "SMD", "+3.3V_AD", "", "R", 55.512, 53.15, 0, 0, 90],
		[18, "C19_2", 900, -1820.63, "T", "SMD", "GND", "GND", "R", 55.512, 53.15, 0, 0, 90],
		[19, "C35_1", 973.9415, -2205.611, "T", "SMD", "$1N23512", "", "R", 55.512, 53.15, 0, 0, 0],
		[20, "C35_2", 1052.6815, -2205.611, "T", "SMD", "GND", "GND", "R", 55.512, 53.15, 0, 0, 0],
		[21, "C36_1", 705.63, -2150, "T", "SMD", "$1N23502", "", "R", 55.512, 53.15, 0, 0, 0],
		[22, "C36_2", 784.37, -2150, "T", "SMD", "GND", "GND", "R", 55.512, 53.15, 0, 0, 0],
		[23, "C37_1", 995, -2300.63, "T", "SMD", "+5V_AD", "", "R", 55.512, 53.15, 0, 0, 270],
		[24, "C37_2", 995, -2379.37, "T", "SMD", "GND", "GND", "R", 55.512, 53.15, 0, 0, 270],
		[25, "C38_1", 1015.63, -1900, "T", "SMD", "+3.3V_AD", "", "R", 55.512, 53.15, 0, 0, 0],
		[26, "C38_2", 1094.37, -1900, "T", "SMD", "GND", "GND", "R", 55.512, 53.15, 0, 0, 0],
		[27, "C39_1", 265, -1479.37, "T", "SMD", "+5V", "", "R", 55.512, 53.15, 0, 0, 90],
		[28, "C39_2", 265, -1400.63, "T", "SMD", "GND", "GND", "R", 55.512, 53.15, 0, 0, 90],
		[29, "C40_1", 385.63, -1650, "T", "SMD", "+3.3V_A", "", "R", 55.512, 53.15, 0, 0, 0],
		[30, "C40_2", 464.37, -1650, "T", "SMD", "GND", "GND", "R", 55.512, 53.15, 0, 0, 0],
		[31, "C41_1", 270, -1649.37, "T", "SMD", "+3.3V_A", "", "R", 55.512, 53.15, 0, 0, 90],
		[32, "C41_2", 270, -1570.63, "T", "SMD", "GND", "GND", "R", 55.512, 53.15, 0, 0, 90],
		[33, "C42_1", 430, -1480.63, "T", "SMD", "+5V", "", "R", 55.512, 53.15, 0, 0, 270],
		[34, "C42_2", 430, -1559.37, "T", "SMD", "GND", "GND", "R", 55.512, 53.15, 0, 0, 270],
		[35, "C43_1", 869.37, -1215, "T", "SMD", "GND", "GND", "R", 55.512, 53.15, 0, 0, 180],
		[36, "C43_2", 790.63, -1215, "T", "SMD", "$1N20960", "", "R", 55.512, 53.15, 0, 0, 180],
		[37, "C44_1", 815.63, -1105, "T", "SMD", "$1N20951", "", "R", 55.512, 53.15, 0, 0, 0],
		[38, "C44_2", 894.37, -1105, "T", "SMD", "$1N20956", "", "R", 55.512, 53.15, 0, 0, 0],
		[39, "C45_1", 820.63, -910, "T", "SMD", "$1N20954", "", "R", 55.512, 53.15, 0, 0, 0],
		[40, "C45_2", 899.37, -910, "T", "SMD", "GND", "GND", "R", 55.512, 53.15, 0, 0, 0],
		[41, "C46_1", 1385.63, -1000, "T", "SMD", "$1N21407", "", "R", 55.512, 53.15, 0, 0, 0],
		[42, "C46_2", 1464.37, -1000, "T", "SMD", "$1N21393", "", "R", 55.512, 53.15, 0, 0, 0],
		[43, "C47_1", 1870, -1130.63, "T", "SMD", "$1N21392", "", "R", 55.512, 53.15, 0, 0, 270],
		[44, "C47_2", 1870, -1209.37, "T", "SMD", "A_OUTPUT", "", "R", 55.512, 53.15, 0, 0, 270],
		[45, "C48_1", 1770, -1204.37, "T", "SMD", "GND", "GND", "R", 55.512, 53.15, 0, 0, 90],
		[46, "C48_2", 1770, -1125.63, "T", "SMD", "$1N21399", "", "R", 55.512, 53.15, 0, 0, 90],
		[47, "C49_1", 1670, -1199.37, "T", "SMD", "GND", "GND", "R", 55.512, 53.15, 0, 0, 90],
		[48, "C49_2", 1670, -1120.63, "T", "SMD", "$1N21401", "", "R", 55.512, 53.15, 0, 0, 90],
		[49, "C50_1", 1565, -1199.37, "T", "SMD", "GND", "GND", "R", 55.512, 53.15, 0, 0, 90],
		[50, "C50_2", 1565, -1120.63, "T", "SMD", "$1N21400", "", "R", 55.512, 53.15, 0, 0, 90],
		[51, "C51_1", 1344.37, -1795, "T", "SMD", "$1N23972", "", "R", 55.512, 53.15, 0, 0, 180],
		[52, "C51_2", 1265.63, -1795, "T", "SMD", "AD_25", "", "R", 55.512, 53.15, 0, 0, 180],
		[53, "C52_1", 804.37, -2035, "T", "SMD", "GND", "GND", "R", 55.512, 53.15, 0, 0, 180],
		[54, "C52_2", 725.63, -2035, "T", "SMD", "AD_24", "", "R", 55.512, 53.15, 0, 0, 180],
		[55, "C53_1", 1285, -1999.37, "T", "SMD", "GND", "GND", "R", 55.512, 53.15, 0, 0, 90],
		[56, "C53_2", 1285, -1920.63, "T", "SMD", "AD_25", "", "R", 55.512, 53.15, 0, 0, 90],
		[57, "C54_1", 1150.63, -2110, "T", "SMD", "AD_24", "", "R", 55.512, 53.15, 0, 0, 0],
		[58, "C54_2", 1229.37, -2110, "T", "SMD", "GND", "GND", "R", 55.512, 53.15, 0, 0, 0],
		[59, "L1_1", 1870, -2453.04, "T", "SMD", "GND", "GND", "R", 44.588, 54.213, 0, 0, 90],
		[60, "L1_2", 1870, -2376.96, "T", "SMD", "$1N23963", "", "R", 44.588, 54.213, 0, 0, 90],
		[61, "L2_1", 1748.04, -2165, "T", "SMD", "$1N23963", "", "R", 44.588, 54.213, 0, 0, 180],
		[62, "L2_2", 1671.96, -2165, "T", "SMD", "$1N23964", "", "R", 44.588, 54.213, 0, 0, 180],
		[63, "L3_1", 1685, -1878.04, "T", "SMD", "GND", "GND", "R", 44.588, 54.213, 0, 0, 90],
		[64, "L3_2", 1685, -1801.96, "T", "SMD", "$1N23965", "", "R", 44.588, 54.213, 0, 0, 90],
		[65, "L5_1", 1466.96, -835, "T", "SMD", "$1N21393", "", "R", 44.588, 54.213, 0, 0, 0],
		[66, "L5_2", 1543.04, -835, "T", "SMD", "$1N21400", "", "R", 44.588, 54.213, 0, 0, 0],
		[67, "L9_1", 810, -758.04, "T", "SMD", "$1N20951", "", "R", 44.588, 54.213, 0, 0, 90],
		[68, "L9_2", 810, -681.96, "T", "SMD", "+3.3V_DA", "", "R", 44.588, 54.213, 0, 0, 90],
		[69, "L10_1", 1576.96, -1000, "T", "SMD", "$1N21400", "", "R", 44.588, 54.213, 0, 0, 0],
		[70, "L10_2", 1653.04, -1000, "T", "SMD", "$1N21401", "", "R", 44.588, 54.213, 0, 0, 0],
		[71, "L11_1", 1676.96, -845, "T", "SMD", "$1N21401", "", "R", 44.588, 54.213, 0, 0, 0],
		[72, "L11_2", 1753.04, -845, "T", "SMD", "$1N21399", "", "R", 44.588, 54.213, 0, 0, 0],
		[73, "L12_1", 1766.96, -990, "T", "SMD", "$1N21399", "", "R", 44.588, 54.213, 0, 0, 0],
		[74, "L12_2", 1843.04, -990, "T", "SMD", "$1N21392", "", "R", 44.588, 54.213, 0, 0, 0],
		[75, "R1_1", 1935, -2190.63, "T", "SMD", "GND", "GND", "R", 44.588, 54.213, 0, 0, 270],
		[76, "R1_2", 1935, -2269.37, "T", "SMD", "A_INPUT", "", "R", 44.588, 54.213, 0, 0, 270],
		[77, "R5_1", -235.63, -1860, "T", "SMD", "$1N23477", "", "R", 44.588, 54.213, 0, 0, 180],
		[78, "R5_2", -314.37, -1860, "T", "SMD", "AD_DATA0", "", "R", 44.588, 54.213, 0, 0, 180],
		[79, "R6_1", 19.37, -1915, "T", "SMD", "$1N23476", "", "R", 44.588, 54.213, 0, 0, 180],
		[80, "R6_2", -59.37, -1915, "T", "SMD", "AD_DATA1", "", "R", 44.588, 54.213, 0, 0, 180],
		[81, "R7_1", -240.0065, -1956.92, "T", "SMD", "$1N23475", "", "R", 44.588, 54.213, 0, 0, 180],
		[82, "R7_2", -318.7465, -1956.92, "T", "SMD", "AD_DATA2", "", "R", 44.588, 54.213, 0, 0, 180],
		[83, "R8_1", 19.37, -2015, "T", "SMD", "$1N23474", "", "R", 44.588, 54.213, 0, 0, 180],
		[84, "R8_2", -59.37, -2015, "T", "SMD", "AD_DATA3", "", "R", 44.588, 54.213, 0, 0, 180],
		[85, "R9_1", -240.0065, -2059.817, "T", "SMD", "$1N23473", "", "R", 44.588, 54.213, 0, 0, 180],
		[86, "R9_2", -318.7465, -2059.817, "T", "SMD", "AD_DATA4", "", "R", 44.588, 54.213, 0, 0, 180],
		[87, "R10_1", 29.37, -2105, "T", "SMD", "$1N23472", "", "R", 44.588, 54.213, 0, 0, 180],
		[88, "R10_2", -49.37, -2105, "T", "SMD", "AD_DATA5", "", "R", 44.588, 54.213, 0, 0, 180],
		[89, "R11_1", -240.0065, -2162.714, "T", "SMD", "$1N23471", "", "R", 44.588, 54.213, 0, 0, 180],
		[90, "R11_2", -318.7465, -2162.714, "T", "SMD", "AD_DATA6", "", "R", 44.588, 54.213, 0, 0, 180],
		[91, "R12_1", 24.37, -2205, "T", "SMD", "$1N23470", "", "R", 44.588, 54.213, 0, 0, 180],
		[92, "R12_2", -54.37, -2205, "T", "SMD", "AD_DATA7", "", "R", 44.588, 54.213, 0, 0, 180],
		[93, "R13_1", -240.63, -2260, "T", "SMD", "$1N23469", "", "R", 44.588, 54.213, 0, 0, 180],
		[94, "R13_2", -319.37, -2260, "T", "SMD", "AD_DATA8", "", "R", 44.588, 54.213, 0, 0, 180],
		[95, "R14_1", -314.37, -665, "T", "SMD", "DA_DATA0", "", "R", 44.588, 54.213, 0, 0, 0],
		[96, "R14_2", -235.63, -665, "T", "SMD", "$1N6900", "", "R", 44.588, 54.213, 0, 0, 0],
		[97, "R15_1", -49.37, -705, "T", "SMD", "DA_DATA1", "", "R", 44.588, 54.213, 0, 0, 0],
		[98, "R15_2", 29.37, -705, "T", "SMD", "$1N6902", "", "R", 44.588, 54.213, 0, 0, 0],
		[99, "R16_1", -49.37, -800, "T", "SMD", "DA_DATA2", "", "R", 44.588, 54.213, 0, 0, 0],
		[100, "R16_2", 29.37, -800, "T", "SMD", "$1N6904", "", "R", 44.588, 54.213, 0, 0, 0],
		[101, "R17_1", -314.37, -870, "T", "SMD", "DA_DATA3", "", "R", 44.588, 54.213, 0, 0, 0],
		[102, "R17_2", -235.63, -870, "T", "SMD", "$1N6906", "", "R", 44.588, 54.213, 0, 0, 0],
		[103, "R18_1", -49.37, -915, "T", "SMD", "DA_DATA4", "", "R", 44.588, 54.213, 0, 0, 0],
		[104, "R18_2", 29.37, -915, "T", "SMD", "$1N6908", "", "R", 44.588, 54.213, 0, 0, 0],
		[105, "R19_1", -314.37, -960, "T", "SMD", "DA_DATA5", "", "R", 44.588, 54.213, 0, 0, 0],
		[106, "R19_2", -235.63, -960, "T", "SMD", "$1N6910", "", "R", 44.588, 54.213, 0, 0, 0],
		[107, "R20_1", -49.37, -1015, "T", "SMD", "DA_DATA6", "", "R", 44.588, 54.213, 0, 0, 0],
		[108, "R20_2", 29.37, -1015, "T", "SMD", "$1N6912", "", "R", 44.588, 54.213, 0, 0, 0],
		[109, "R21_1", -314.37, -1050, "T", "SMD", "DA_DATA7", "", "R", 44.588, 54.213, 0, 0, 0],
		[110, "R21_2", -235.63, -1050, "T", "SMD", "$1N6914", "", "R", 44.588, 54.213, 0, 0, 0],
		[111, "R22_1", -49.37, -1105, "T", "SMD", "DA_DATA8", "", "R", 44.588, 54.213, 0, 0, 0],
		[112, "R22_2", 29.37, -1105, "T", "SMD", "$1N6916", "", "R", 44.588, 54.213, 0, 0, 0],
		[113, "R23_1", -314.37, -1155, "T", "SMD", "DA_DATA9", "", "R", 44.588, 54.213, 0, 0, 0],
		[114, "R23_2", -235.63, -1155, "T", "SMD", "$1N6918", "", "R", 44.588, 54.213, 0, 0, 0],
		[115, "R24_1", -49.37, -1205, "T", "SMD", "DA_DATA10", "", "R", 44.588, 54.213, 0, 0, 0],
		[116, "R24_2", 29.37, -1205, "T", "SMD", "$1N6920", "", "R", 44.588, 54.213, 0, 0, 0],
		[117, "R25_1", -314.37, -1265, "T", "SMD", "DA_DATA11", "", "R", 44.588, 54.213, 0, 0, 0],
		[118, "R25_2", -235.63, -1265, "T", "SMD", "$1N6922", "", "R", 44.588, 54.213, 0, 0, 0],
		[119, "R38_1", -54.37, -1315, "T", "SMD", "DA_PD", "", "R", 44.588, 54.213, 0, 0, 0],
		[120, "R38_2", 24.37, -1315, "T", "SMD", "$1N1041", "", "R", 44.588, 54.213, 0, 0, 0],
		[121, "R39_1", 29.37, -610, "T", "SMD", "$1N18747", "", "R", 44.588, 54.213, 0, 0, 180],
		[122, "R39_2", -49.37, -610, "T", "SMD", "DA_CLK", "", "R", 44.588, 54.213, 0, 0, 180],
		[123, "R40_1", -240.63, -2465, "T", "SMD", "$1N23511", "", "R", 44.588, 54.213, 0, 0, 180],
		[124, "R40_2", -319.37, -2465, "T", "SMD", "AD_CLK_IN", "", "R", 44.588, 54.213, 0, 0, 180],
		[125, "R41_1", 1094.37, -1165, "T", "SMD", "GND", "GND", "R", 44.588, 54.213, 0, 0, 180],
		[126, "R41_2", 1015.63, -1165, "T", "SMD", "$1N20963", "", "R", 44.588, 54.213, 0, 0, 180],
		[127, "R42_1", 1109.37, -825, "T", "SMD", "GND", "GND", "R", 44.588, 54.213, 0, 0, 180],
		[128, "R42_2", 1030.63, -825, "T", "SMD", "DA22", "", "R", 44.588, 54.213, 0, 0, 180],
		[129, "R43_1", 1025.63, -715, "T", "SMD", "DA22", "", "R", 44.588, 54.213, 0, 0, 0],
		[130, "R43_2", 1104.37, -715, "T", "SMD", "$1N21404", "", "R", 44.588, 54.213, 0, 0, 0],
		[131, "R44_1", 1000.63, -1015, "T", "SMD", "DA21", "", "R", 44.588, 54.213, 0, 0, 0],
		[132, "R44_2", 1079.37, -1015, "T", "SMD", "$1N21408", "", "R", 44.588, 54.213, 0, 0, 0],
		[133, "R45_1", 1280.63, -720, "T", "SMD", "$1N21404", "", "R", 44.588, 54.213, 0, 0, 0],
		[134, "R45_2", 1359.37, -720, "T", "SMD", "$1N21407", "", "R", 44.588, 54.213, 0, 0, 0],
		[135, "R46_1", 1175, -1074.37, "T", "SMD", "GND", "GND", "R", 44.588, 54.213, 0, 0, 90],
		[136, "R46_2", 1175, -995.63, "T", "SMD", "$1N21408", "", "R", 44.588, 54.213, 0, 0, 90],
		[137, "R47_1", 820.63, -1015, "T", "SMD", "GND", "GND", "R", 44.588, 54.213, 0, 0, 0],
		[138, "R47_2", 899.37, -1015, "T", "SMD", "DA21", "", "R", 44.588, 54.213, 0, 0, 0],
		[139, "R48_1", 24.37, -2310, "T", "SMD", "$1N23468", "", "R", 44.588, 54.213, 0, 0, 180],
		[140, "R48_2", -54.37, -2310, "T", "SMD", "AD_DATA9", "", "R", 44.588, 54.213, 0, 0, 180],
		[141, "R49_1", -240.63, -2365, "T", "SMD", "$1N23467", "", "R", 44.588, 54.213, 0, 0, 180],
		[142, "R49_2", -319.37, -2365, "T", "SMD", "AD_DATA10", "", "R", 44.588, 54.213, 0, 0, 180],
		[143, "R50_1", 29.37, -2415, "T", "SMD", "$1N23466", "", "R", 44.588, 54.213, 0, 0, 180],
		[144, "R50_2", -49.37, -2415, "T", "SMD", "AD_DATA11", "", "R", 44.588, 54.213, 0, 0, 180],
		[145, "R51_1", 1424.37, -2540, "T", "SMD", "GND", "GND", "R", 44.588, 54.213, 0, 0, 180],
		[146, "R51_2", 1345.63, -2540, "T", "SMD", "$1N23973", "", "R", 44.588, 54.213, 0, 0, 180],
		[147, "R52_1", 1225, -2419.37, "T", "SMD", "$1N23973", "", "R", 44.588, 54.213, 0, 0, 90],
		[148, "R52_2", 1225, -2340.63, "T", "SMD", "$1N23975", "", "R", 44.588, 54.213, 0, 0, 90],
		[149, "R53_1", 1370, -2229.37, "T", "SMD", "$1N23975", "", "R", 44.588, 54.213, 0, 0, 90],
		[150, "R53_2", 1370, -2150.63, "T", "SMD", "$1N23972", "", "R", 44.588, 54.213, 0, 0, 90],
		[151, "R54_1", 1110.34, -1990, "T", "SMD", "AD_25", "", "R", 31.751, 34.016, 0, 0, 0],
		[152, "R54_2", 1169.66, -1990, "T", "SMD", "AD_24", "", "R", 31.751, 34.016, 0, 0, 0],
		[153, "RF1_1", 2214.921, -1035, "T", "SMD", "A_OUTPUT", "", "R", 50, 145.669, 0, 0, 270],
		[154, "RF1_2", 2205.08, -925.945, "T", "SMD", "GND", "GND", "R", 53.15, 165.354, 0, 0, 270],
		[155, "RF1_3", 2205.08, -1144.055, "T", "SMD", "GND", "GND", "R", 53.15, 165.354, 0, 0, 270],
		[156, "RF1_4", 2205.08, -925.945, "B", "SMD", "GND", "GND", "R", 53.15, 165.354, 0, 0, 270],
		[157, "RF1_5", 2205.08, -1144.055, "B", "SMD", "GND", "GND", "R", 53.15, 165.354, 0, 0, 270],
		[158, "RF2_1", 2214.921, -2170, "T", "SMD", "A_INPUT", "", "R", 50, 145.669, 0, 0, 270],
		[159, "RF2_2", 2205.08, -2060.945, "T", "SMD", "GND", "GND", "R", 53.15, 165.354, 0, 0, 270],
		[160, "RF2_3", 2205.08, -2279.055, "T", "SMD", "GND", "GND", "R", 53.15, 165.354, 0, 0, 270],
		[161, "RF2_4", 2205.08, -2060.945, "B", "SMD", "GND", "GND", "R", 53.15, 165.354, 0, 0, 270],
		[162, "RF2_5", 2205.08, -2279.055, "B", "SMD", "GND", "GND", "R", 53.15, 165.354, 0, 0, 270],
		[163, "SCREW1_1", 2169.27, -2515, "T", "DIP", "NET_1", "", "C", 126, 126, 126, 126, 0],
		[164, "SCREW1_1", 2169.27, -2515, "B", "DIP", "NET_1", "", "C", 126, 126, 126, 126, 0],
		[165, "SCREW2_1", 2175, -590, "T", "DIP", "NET_2", "", "C", 126, 126, 126, 126, 0],
		[166, "SCREW2_1", 2175, -590, "B", "DIP", "NET_2", "", "C", 126, 126, 126, 126, 0],
		[167, "U1_1", 260.885, -660, "T", "SMD", "$1N6900", "", "O", 23.622, 90.551, 0, 0, 90],
		[168, "U1_2", 260.885, -710, "T", "SMD", "$1N6902", "", "O", 23.622, 90.551, 0, 0, 90],
		[169, "U1_3", 260.885, -760, "T", "SMD", "$1N6904", "", "O", 23.622, 90.551, 0, 0, 90],
		[170, "U1_4", 260.885, -810, "T", "SMD", "$1N6906", "", "O", 23.622, 90.551, 0, 0, 90],
		[171, "U1_5", 260.885, -860, "T", "SMD", "$1N6908", "", "O", 23.622, 90.551, 0, 0, 90],
		[172, "U1_6", 260.885, -910, "T", "SMD", "$1N6910", "", "O", 23.622, 90.551, 0, 0, 90],
		[173, "U1_7", 260.885, -960, "T", "SMD", "$1N6912", "", "O", 23.622, 90.551, 0, 0, 90],
		[174, "U1_8", 260.885, -1010, "T", "SMD", "$1N6914", "", "O", 23.622, 90.551, 0, 0, 90],
		[175, "U1_9", 260.885, -1060, "T", "SMD", "$1N6916", "", "O", 23.622, 90.551, 0, 0, 90],
		[176, "U1_10", 260.885, -1110, "T", "SMD", "$1N6918", "", "O", 23.622, 90.551, 0, 0, 90],
		[177, "U1_11", 260.885, -1160, "T", "SMD", "$1N6920", "", "O", 23.622, 90.551, 0, 0, 90],
		[178, "U1_12", 260.885, -1210, "T", "SMD", "$1N6922", "", "O", 23.622, 90.551, 0, 0, 90],
		[179, "U1_13", 260.885, -1260, "T", "SMD", "NET_3", "", "O", 23.622, 90.551, 0, 0, 90],
		[180, "U1_14", 260.885, -1310, "T", "SMD", "NET_4", "", "O", 23.622, 90.551, 0, 0, 90],
		[181, "U1_15", 659.115, -1310, "T", "SMD", "$1N1041", "", "O", 23.622, 90.551, 0, 0, 90],
		[182, "U1_16", 659.115, -1260, "T", "SMD", "GND", "GND", "O", 23.622, 90.551, 0, 0, 90],
		[183, "U1_17", 659.115, -1210, "T", "SMD", "$1N20960", "", "O", 23.622, 90.551, 0, 0, 90],
		[184, "U1_18", 659.115, -1160, "T", "SMD", "$1N20963", "", "O", 23.622, 90.551, 0, 0, 90],
		[185, "U1_19", 659.115, -1110, "T", "SMD", "$1N20956", "", "O", 23.622, 90.551, 0, 0, 90],
		[186, "U1_20", 659.115, -1060, "T", "SMD", "GND", "GND", "O", 23.622, 90.551, 0, 0, 90],
		[187, "U1_21", 659.115, -1010, "T", "SMD", "DA21", "", "O", 23.622, 90.551, 0, 0, 90],
		[188, "U1_22", 659.115, -960, "T", "SMD", "DA22", "", "O", 23.622, 90.551, 0, 0, 90],
		[189, "U1_23", 659.115, -910, "T", "SMD", "$1N20954", "", "O", 23.622, 90.551, 0, 0, 90],
		[190, "U1_24", 659.115, -860, "T", "SMD", "$1N20951", "", "O", 23.622, 90.551, 0, 0, 90],
		[191, "U1_25", 659.115, -810, "T", "SMD", "NET_5", "", "O", 23.622, 90.551, 0, 0, 90],
		[192, "U1_26", 659.115, -760, "T", "SMD", "GND", "GND", "O", 23.622, 90.551, 0, 0, 90],
		[193, "U1_27", 659.115, -710, "T", "SMD", "+3.3V_DA", "", "O", 23.622, 90.551, 0, 0, 90],
		[194, "U1_28", 659.115, -660, "T", "SMD", "$1N18747", "", "O", 23.622, 90.551, 0, 0, 90],
		[195, "U2_1", 203.97, -1933.66, "T", "SMD", "GND", "GND", "O", 14.331, 79.35, 0, 0, 270],
		[196, "U2_2", 203.97, -1959.25, "T", "SMD", "$1N23477", "", "O", 14.331, 79.35, 0, 0, 270],
		[197, "U2_3", 203.97, -1984.84, "T", "SMD", "$1N23476", "", "O", 14.331, 79.35, 0, 0, 270],
		[198, "U2_4", 203.97, -2010.43, "T", "SMD", "$1N23475", "", "O", 14.331, 79.35, 0, 0, 270],
		[199, "U2_5", 203.97, -2036.02, "T", "SMD", "$1N23474", "", "O", 14.331, 79.35, 0, 0, 270],
		[200, "U2_6", 203.97, -2061.61, "T", "SMD", "$1N23473", "", "O", 14.331, 79.35, 0, 0, 270],
		[201, "U2_7", 203.97, -2087.21, "T", "SMD", "$1N23472", "", "O", 14.331, 79.35, 0, 0, 270],
		[202, "U2_8", 203.97, -2112.8, "T", "SMD", "$1N23471", "", "O", 14.331, 79.35, 0, 0, 270],
		[203, "U2_9", 203.97, -2138.39, "T", "SMD", "$1N23470", "", "O", 14.331, 79.35, 0, 0, 270],
		[204, "U2_10", 203.97, -2163.98, "T", "SMD", "$1N23469", "", "O", 14.331, 79.35, 0, 0, 270],
		[205, "U2_11", 203.97, -2189.57, "T", "SMD", "$1N23468", "", "O", 14.331, 79.35, 0, 0, 270],
		[206, "U2_12", 203.97, -2215.16, "T", "SMD", "$1N23467", "", "O", 14.331, 79.35, 0, 0, 270],
		[207, "U2_13", 203.97, -2240.75, "T", "SMD", "$1N23466", "", "O", 14.331, 79.35, 0, 0, 270],
		[208, "U2_14", 203.97, -2266.34, "T", "SMD", "$1N23511", "", "O", 14.331, 79.35, 0, 0, 270],
		[209, "U2_15", 476.03, -2266.34, "T", "SMD", "+5V_AD", "", "O", 14.331, 79.35, 0, 0, 270],
		[210, "U2_16", 476.03, -2240.75, "T", "SMD", "GND", "GND", "O", 14.331, 79.35, 0, 0, 270],
		[211, "U2_17", 476.03, -2215.16, "T", "SMD", "NET_6", "", "O", 14.331, 79.35, 0, 0, 270],
		[212, "U2_18", 476.03, -2189.57, "T", "SMD", "GND", "GND", "O", 14.331, 79.35, 0, 0, 270],
		[213, "U2_19", 476.03, -2163.98, "T", "SMD", "GND", "GND", "O", 14.331, 79.35, 0, 0, 270],
		[214, "U2_20", 476.03, -2138.39, "T", "SMD", "GND", "GND", "O", 14.331, 79.35, 0, 0, 270],
		[215, "U2_21", 476.03, -2112.8, "T", "SMD", "$1N23512", "", "O", 14.331, 79.35, 0, 0, 270],
		[216, "U2_22", 476.03, -2087.21, "T", "SMD", "$1N23502", "", "O", 14.331, 79.35, 0, 0, 270],
		[217, "U2_23", 476.03, -2061.61, "T", "SMD", "AD_24", "", "O", 14.331, 79.35, 0, 0, 270],
		[218, "U2_24", 476.03, -2036.02, "T", "SMD", "AD_24", "", "O", 14.331, 79.35, 0, 0, 270],
		[219, "U2_25", 476.03, -2010.43, "T", "SMD", "AD_25", "", "O", 14.331, 79.35, 0, 0, 270],
		[220, "U2_26", 476.03, -1984.84, "T", "SMD", "GND", "GND", "O", 14.331, 79.35, 0, 0, 270],
		[221, "U2_27", 476.03, -1959.25, "T", "SMD", "+5V_AD", "", "O", 14.331, 79.35, 0, 0, 270],
		[222, "U2_28", 476.03, -1933.66, "T", "SMD", "+3.3V_AD", "", "O", 14.331, 79.35, 0, 0, 270],
		[223, "U3_1", 731.96, -560, "T", "SMD", "+3.3V_A", "", "R", 44.588, 54.213, 0, 0, 0],
		[224, "U3_2", 808.04, -560, "T", "SMD", "+3.3V_DA", "", "R", 44.588, 54.213, 0, 0, 0],
		[225, "U4_1", 543.04, -2410, "T", "SMD", "+5V", "", "R", 44.588, 54.213, 0, 0, 180],
		[226, "U4_2", 466.96, -2410, "T", "SMD", "+5V_AD", "", "R", 44.588, 54.213, 0, 0, 180],
		[227, "U5_1", 650, -1756.96, "T", "SMD", "+3.3V_A", "", "R", 44.588, 54.213, 0, 0, 270],
		[228, "U5_2", 650, -1833.04, "T", "SMD", "+3.3V_AD", "", "R", 44.588, 54.213, 0, 0, 270],
		[229, "U10_1", -610, -615, "T", "DIP", "+5V", "", "R", 62.992, 62.992, 39.37, 39.37, 270],
		[230, "U10_1", -610, -615, "B", "DIP", "+5V", "", "R", 62.992, 62.992, 39.37, 39.37, 270],
		[231, "U10_2", -510, -615, "T", "DIP", "DA_CLK", "", "C", 62.992, 62.992, 39.37, 39.37, 270],
		[232, "U10_2", -510, -615, "B", "DIP", "DA_CLK", "", "C", 62.992, 62.992, 39.37, 39.37, 270],
		[233, "U10_3", -610, -715, "T", "DIP", "DA_DATA0", "", "C", 62.992, 62.992, 39.37, 39.37, 270],
		[234, "U10_3", -610, -715, "B", "DIP", "DA_DATA0", "", "C", 62.992, 62.992, 39.37, 39.37, 270],
		[235, "U10_4", -510, -715, "T", "DIP", "DA_DATA1", "", "C", 62.992, 62.992, 39.37, 39.37, 270],
		[236, "U10_4", -510, -715, "B", "DIP", "DA_DATA1", "", "C", 62.992, 62.992, 39.37, 39.37, 270],
		[237, "U10_5", -610, -815, "T", "DIP", "NET_7", "", "C", 62.992, 62.992, 39.37, 39.37, 270],
		[238, "U10_5", -610, -815, "B", "DIP", "NET_7", "", "C", 62.992, 62.992, 39.37, 39.37, 270],
		[239, "U10_6", -510, -815, "T", "DIP", "DA_DATA2", "", "C", 62.992, 62.992, 39.37, 39.37, 270],
		[240, "U10_6", -510, -815, "B", "DIP", "DA_DATA2", "", "C", 62.992, 62.992, 39.37, 39.37, 270],
		[241, "U10_7", -610, -915, "T", "DIP", "DA_DATA3", "", "C", 62.992, 62.992, 39.37, 39.37, 270],
		[242, "U10_7", -610, -915, "B", "DIP", "DA_DATA3", "", "C", 62.992, 62.992, 39.37, 39.37, 270],
		[243, "U10_8", -510, -915, "T", "DIP", "DA_DATA4", "", "C", 62.992, 62.992, 39.37, 39.37, 270],
		[244, "U10_8", -510, -915, "B", "DIP", "DA_DATA4", "", "C", 62.992, 62.992, 39.37, 39.37, 270],
		[245, "U10_9", -610, -1015, "T", "DIP", "DA_DATA5", "", "C", 62.992, 62.992, 39.37, 39.37, 270],
		[246, "U10_9", -610, -1015, "B", "DIP", "DA_DATA5", "", "C", 62.992, 62.992, 39.37, 39.37, 270],
		[247, "U10_10", -510, -1015, "T", "DIP", "DA_DATA6", "", "C", 62.992, 62.992, 39.37, 39.37, 270],
		[248, "U10_10", -510, -1015, "B", "DIP", "DA_DATA6", "", "C", 62.992, 62.992, 39.37, 39.37, 270],
		[249, "U10_11", -610, -1115, "T", "DIP", "DA_DATA7", "", "C", 62.992, 62.992, 39.37, 39.37, 270],
		[250, "U10_11", -610, -1115, "B", "DIP", "DA_DATA7", "", "C", 62.992, 62.992, 39.37, 39.37, 270],
		[251, "U10_12", -510, -1115, "T", "DIP", "DA_DATA8", "", "C", 62.992, 62.992, 39.37, 39.37, 270],
		[252, "U10_12", -510, -1115, "B", "DIP", "DA_DATA8", "", "C", 62.992, 62.992, 39.37, 39.37, 270],
		[253, "U10_13", -610, -1215, "T", "DIP", "DA_DATA9", "", "C", 62.992, 62.992, 39.37, 39.37, 270],
		[254, "U10_13", -610, -1215, "B", "DIP", "DA_DATA9", "", "C", 62.992, 62.992, 39.37, 39.37, 270],
		[255, "U10_14", -510, -1215, "T", "DIP", "DA_DATA10", "", "C", 62.992, 62.992, 39.37, 39.37, 270],
		[256, "U10_14", -510, -1215, "B", "DIP", "DA_DATA10", "", "C", 62.992, 62.992, 39.37, 39.37, 270],
		[257, "U10_15", -610, -1315, "T", "DIP", "DA_DATA11", "", "C", 62.992, 62.992, 39.37, 39.37, 270],
		[258, "U10_15", -610, -1315, "B", "DIP", "DA_DATA11", "", "C", 62.992, 62.992, 39.37, 39.37, 270],
		[259, "U10_16", -510, -1315, "T", "DIP", "DA_PD", "", "C", 62.992, 62.992, 39.37, 39.37, 270],
		[260, "U10_16", -510, -1315, "B", "DIP", "DA_PD", "", "C", 62.992, 62.992, 39.37, 39.37, 270],
		[261, "U10_17", -610, -1415, "T", "DIP", "NET_8", "", "C", 62.992, 62.992, 39.37, 39.37, 270],
		[262, "U10_17", -610, -1415, "B", "DIP", "NET_8", "", "C", 62.992, 62.992, 39.37, 39.37, 270],
		[263, "U10_18", -510, -1415, "T", "DIP", "NET_9", "", "C", 62.992, 62.992, 39.37, 39.37, 270],
		[264, "U10_18", -510, -1415, "B", "DIP", "NET_9", "", "C", 62.992, 62.992, 39.37, 39.37, 270],
		[265, "U10_19", -610, -1515, "T", "DIP", "NET_10", "", "C", 62.992, 62.992, 39.37, 39.37, 270],
		[266, "U10_19", -610, -1515, "B", "DIP", "NET_10", "", "C", 62.992, 62.992, 39.37, 39.37, 270],
		[267, "U10_20", -510, -1515, "T", "DIP", "NET_11", "", "C", 62.992, 62.992, 39.37, 39.37, 270],
		[268, "U10_20", -510, -1515, "B", "DIP", "NET_11", "", "C", 62.992, 62.992, 39.37, 39.37, 270],
		[269, "U10_21", -610, -1615, "T", "DIP", "NET_12", "", "C", 62.992, 62.992, 39.37, 39.37, 270],
		[270, "U10_21", -610, -1615, "B", "DIP", "NET_12", "", "C", 62.992, 62.992, 39.37, 39.37, 270],
		[271, "U10_22", -510, -1615, "T", "DIP", "NET_13", "", "C", 62.992, 62.992, 39.37, 39.37, 270],
		[272, "U10_22", -510, -1615, "B", "DIP", "NET_13", "", "C", 62.992, 62.992, 39.37, 39.37, 270],
		[273, "U10_23", -610, -1715, "T", "DIP", "NET_14", "", "C", 62.992, 62.992, 39.37, 39.37, 270],
		[274, "U10_23", -610, -1715, "B", "DIP", "NET_14", "", "C", 62.992, 62.992, 39.37, 39.37, 270],
		[275, "U10_24", -510, -1715, "T", "DIP", "NET_15", "", "C", 62.992, 62.992, 39.37, 39.37, 270],
		[276, "U10_24", -510, -1715, "B", "DIP", "NET_15", "", "C", 62.992, 62.992, 39.37, 39.37, 270],
		[277, "U10_25", -610, -1815, "T", "DIP", "NET_16", "", "C", 62.992, 62.992, 39.37, 39.37, 270],
		[278, "U10_25", -610, -1815, "B", "DIP", "NET_16", "", "C", 62.992, 62.992, 39.37, 39.37, 270],
		[279, "U10_26", -510, -1815, "T", "DIP", "NET_17", "", "C", 62.992, 62.992, 39.37, 39.37, 270],
		[280, "U10_26", -510, -1815, "B", "DIP", "NET_17", "", "C", 62.992, 62.992, 39.37, 39.37, 270],
		[281, "U10_27", -610, -1915, "T", "DIP", "AD_DATA0", "", "C", 62.992, 62.992, 39.37, 39.37, 270],
		[282, "U10_27", -610, -1915, "B", "DIP", "AD_DATA0", "", "C", 62.992, 62.992, 39.37, 39.37, 270],
		[283, "U10_28", -510, -1915, "T", "DIP", "AD_DATA1", "", "C", 62.992, 62.992, 39.37, 39.37, 270],
		[284, "U10_28", -510, -1915, "B", "DIP", "AD_DATA1", "", "C", 62.992, 62.992, 39.37, 39.37, 270],
		[285, "U10_29", -610, -2015, "T", "DIP", "AD_DATA2", "", "C", 62.992, 62.992, 39.37, 39.37, 270],
		[286, "U10_29", -610, -2015, "B", "DIP", "AD_DATA2", "", "C", 62.992, 62.992, 39.37, 39.37, 270],
		[287, "U10_30", -510, -2015, "T", "DIP", "AD_DATA3", "", "C", 62.992, 62.992, 39.37, 39.37, 270],
		[288, "U10_30", -510, -2015, "B", "DIP", "AD_DATA3", "", "C", 62.992, 62.992, 39.37, 39.37, 270],
		[289, "U10_31", -610, -2115, "T", "DIP", "AD_DATA4", "", "C", 62.992, 62.992, 39.37, 39.37, 270],
		[290, "U10_31", -610, -2115, "B", "DIP", "AD_DATA4", "", "C", 62.992, 62.992, 39.37, 39.37, 270],
		[291, "U10_32", -510, -2115, "T", "DIP", "AD_DATA5", "", "C", 62.992, 62.992, 39.37, 39.37, 270],
		[292, "U10_32", -510, -2115, "B", "DIP", "AD_DATA5", "", "C", 62.992, 62.992, 39.37, 39.37, 270],
		[293, "U10_33", -610, -2215, "T", "DIP", "AD_DATA6", "", "C", 62.992, 62.992, 39.37, 39.37, 270],
		[294, "U10_33", -610, -2215, "B", "DIP", "AD_DATA6", "", "C", 62.992, 62.992, 39.37, 39.37, 270],
		[295, "U10_34", -510, -2215, "T", "DIP", "AD_DATA7", "", "C", 62.992, 62.992, 39.37, 39.37, 270],
		[296, "U10_34", -510, -2215, "B", "DIP", "AD_DATA7", "", "C", 62.992, 62.992, 39.37, 39.37, 270],
		[297, "U10_35", -610, -2315, "T", "DIP", "AD_DATA8", "", "C", 62.992, 62.992, 39.37, 39.37, 270],
		[298, "U10_35", -610, -2315, "B", "DIP", "AD_DATA8", "", "C", 62.992, 62.992, 39.37, 39.37, 270],
		[299, "U10_36", -510, -2315, "T", "DIP", "AD_DATA9", "", "C", 62.992, 62.992, 39.37, 39.37, 270],
		[300, "U10_36", -510, -2315, "B", "DIP", "AD_DATA9", "", "C", 62.992, 62.992, 39.37, 39.37, 270],
		[301, "U10_37", -610, -2415, "T", "DIP", "AD_DATA10", "", "C", 62.992, 62.992, 39.37, 39.37, 270],
		[302, "U10_37", -610, -2415, "B", "DIP", "AD_DATA10", "", "C", 62.992, 62.992, 39.37, 39.37, 270],
		[303, "U10_38", -510, -2415, "T", "DIP", "AD_DATA11", "", "C", 62.992, 62.992, 39.37, 39.37, 270],
		[304, "U10_38", -510, -2415, "B", "DIP", "AD_DATA11", "", "C", 62.992, 62.992, 39.37, 39.37, 270],
		[305, "U10_39", -610, -2515, "T", "DIP", "AD_CLK_IN", "", "C", 62.992, 62.992, 39.37, 39.37, 270],
		[306, "U10_39", -610, -2515, "B", "DIP", "AD_CLK_IN", "", "C", 62.992, 62.992, 39.37, 39.37, 270],
		[307, "U10_40", -510, -2515, "T", "DIP", "GND", "GND", "C", 62.992, 62.992, 39.37, 39.37, 270],
		[308, "U10_40", -510, -2515, "B", "DIP", "GND", "GND", "C", 62.992, 62.992, 39.37, 39.37, 270],
		[309, "U12_1", 81.927, -1660.55, "T", "SMD", "GND", "GND", "R", 98.425, 43.307, 0, 0, 0],
		[310, "U12_2", 81.927, -1570, "T", "SMD", "+3.3V_A", "", "R", 98.425, 43.307, 0, 0, 0],
		[311, "U12_3", 81.927, -1479.45, "T", "SMD", "+5V", "", "R", 98.425, 43.307, 0, 0, 0],
		[312, "U12_4", -151.928, -1570, "T", "SMD", "+3.3V_A", "", "R", 92.126, 141.732, 0, 0, 0],
		[313, "U14_1", 755, -1491.96, "T", "SMD", "+5V", "", "R", 44.588, 54.213, 0, 0, 270],
		[314, "U14_2", 755, -1568.04, "T", "SMD", "+5V_DA", "", "R", 44.588, 54.213, 0, 0, 270],
		[315, "U15_1", 1456.693, -2352.605, "T", "SMD", "$1N23975", "", "R", 23.622, 39.37, 0, 0, 270],
		[316, "U15_2", 1456.693, -2389.995, "T", "SMD", "GND", "GND", "R", 23.622, 39.37, 0, 0, 270],
		[317, "U15_3", 1456.693, -2427.395, "T", "SMD", "$1N23973", "", "R", 23.622, 39.37, 0, 0, 270],
		[318, "U15_4", 1543.313, -2427.405, "T", "SMD", "A_IN", "", "R", 23.622, 39.37, 0, 0, 270],
		[319, "U15_5", 1543.313, -2352.595, "T", "SMD", "+5V_AD", "", "R", 23.622, 39.37, 0, 0, 270],
		[320, "U16_1", 1268.307, -1332.395, "T", "SMD", "$1N21407", "", "R", 23.622, 39.37, 0, 0, 90],
		[321, "U16_2", 1268.307, -1295.005, "T", "SMD", "GND", "GND", "R", 23.622, 39.37, 0, 0, 90],
		[322, "U16_3", 1268.307, -1257.605, "T", "SMD", "$1N21408", "", "R", 23.622, 39.37, 0, 0, 90],
		[323, "U16_4", 1181.687, -1257.595, "T", "SMD", "$1N21404", "", "R", 23.622, 39.37, 0, 0, 90],
		[324, "U16_5", 1181.687, -1332.405, "T", "SMD", "+5V_DA", "", "R", 23.622, 39.37, 0, 0, 90],
		[325, "PAD1_1", 260.885, -660, "T", "SMD", "$1N6900", "", "O", 23.622, 90.551, 0, 0, 90],
		[326, "PAD2_2", 260.885, -710, "T", "SMD", "$1N6902", "", "O", 23.622, 90.551, 0, 0, 90],
		[327, "PAD3_3", 260.885, -760, "T", "SMD", "$1N6904", "", "O", 23.622, 90.551, 0, 0, 90],
		[328, "PAD4_4", 260.885, -810, "T", "SMD", "$1N6906", "", "O", 23.622, 90.551, 0, 0, 90],
		[329, "PAD5_5", 260.885, -860, "T", "SMD", "$1N6908", "", "O", 23.622, 90.551, 0, 0, 90],
		[330, "PAD6_6", 260.885, -910, "T", "SMD", "$1N6910", "", "O", 23.622, 90.551, 0, 0, 90],
		[331, "PAD7_7", 260.885, -960, "T", "SMD", "$1N6912", "", "O", 23.622, 90.551, 0, 0, 90],
		[332, "PAD8_8", 260.885, -1010, "T", "SMD", "$1N6914", "", "O", 23.622, 90.551, 0, 0, 90],
		[333, "PAD9_9", 260.885, -1060, "T", "SMD", "$1N6916", "", "O", 23.622, 90.551, 0, 0, 90],
		[334, "PAD10_10", 260.885, -1110, "T", "SMD", "$1N6918", "", "O", 23.622, 90.551, 0, 0, 90],
		[335, "PAD11_11", 260.885, -1160, "T", "SMD", "$1N6920", "", "O", 23.622, 90.551, 0, 0, 90],
		[336, "PAD12_12", 260.885, -1210, "T", "SMD", "$1N6922", "", "O", 23.622, 90.551, 0, 0, 90],
		[337, "PAD13_28", 659.115, -660, "T", "SMD", "$1N18747", "", "O", 23.622, 90.551, 0, 0, 90],
		[338, "PAD14_27", 659.115, -710, "T", "SMD", "+3.3V_DA", "", "O", 23.622, 90.551, 0, 0, 90],
		[339, "PAD15_26", 659.115, -760, "T", "SMD", "GND", "GND", "O", 23.622, 90.551, 0, 0, 90],
		[340, "PAD16_24", 659.115, -860, "T", "SMD", "$1N20951", "", "O", 23.622, 90.551, 0, 0, 90],
		[341, "PAD17_23", 659.115, -910, "T", "SMD", "$1N20954", "", "O", 23.622, 90.551, 0, 0, 90],
		[342, "PAD18_22", 659.115, -960, "T", "SMD", "DA22", "", "O", 23.622, 90.551, 0, 0, 90],
		[343, "PAD19_21", 659.115, -1010, "T", "SMD", "DA21", "", "O", 23.622, 90.551, 0, 0, 90],
		[344, "PAD20_20", 659.115, -1060, "T", "SMD", "GND", "GND", "O", 23.622, 90.551, 0, 0, 90],
		[345, "PAD21_19", 659.115, -1110, "T", "SMD", "$1N20956", "", "O", 23.622, 90.551, 0, 0, 90],
		[346, "PAD22_18", 659.115, -1160, "T", "SMD", "$1N20963", "", "O", 23.622, 90.551, 0, 0, 90],
		[347, "PAD23_17", 659.115, -1210, "T", "SMD", "$1N20960", "", "O", 23.622, 90.551, 0, 0, 90],
		[348, "PAD24_16", 659.115, -1260, "T", "SMD", "GND", "GND", "O", 23.622, 90.551, 0, 0, 90],
		[349, "PAD25_15", 659.115, -1310, "T", "SMD", "$1N1041", "", "O", 23.622, 90.551, 0, 0, 90],
		[350, "PAD26_40", -510, -2515, "T", "DIP", "GND", "GND", "C", 62.992, 62.992, 39.37, 39.37, 270],
		[351, "PAD26_40", -510, -2515, "B", "DIP", "GND", "GND", "C", 62.992, 62.992, 39.37, 39.37, 270],
		[352, "PAD27_39", -610, -2515, "T", "DIP", "AD_CLK_IN", "", "C", 62.992, 62.992, 39.37, 39.37, 270],
		[353, "PAD27_39", -610, -2515, "B", "DIP", "AD_CLK_IN", "", "C", 62.992, 62.992, 39.37, 39.37, 270],
		[354, "PAD28_38", -510, -2415, "T", "DIP", "AD_DATA11", "", "C", 62.992, 62.992, 39.37, 39.37, 270],
		[355, "PAD28_38", -510, -2415, "B", "DIP", "AD_DATA11", "", "C", 62.992, 62.992, 39.37, 39.37, 270],
		[356, "PAD29_37", -610, -2415, "T", "DIP", "AD_DATA10", "", "C", 62.992, 62.992, 39.37, 39.37, 270],
		[357, "PAD29_37", -610, -2415, "B", "DIP", "AD_DATA10", "", "C", 62.992, 62.992, 39.37, 39.37, 270],
		[358, "PAD30_36", -510, -2315, "T", "DIP", "AD_DATA9", "", "C", 62.992, 62.992, 39.37, 39.37, 270],
		[359, "PAD30_36", -510, -2315, "B", "DIP", "AD_DATA9", "", "C", 62.992, 62.992, 39.37, 39.37, 270],
		[360, "PAD31_35", -610, -2315, "T", "DIP", "AD_DATA8", "", "C", 62.992, 62.992, 39.37, 39.37, 270],
		[361, "PAD31_35", -610, -2315, "B", "DIP", "AD_DATA8", "", "C", 62.992, 62.992, 39.37, 39.37, 270],
		[362, "PAD32_34", -510, -2215, "T", "DIP", "AD_DATA7", "", "C", 62.992, 62.992, 39.37, 39.37, 270],
		[363, "PAD32_34", -510, -2215, "B", "DIP", "AD_DATA7", "", "C", 62.992, 62.992, 39.37, 39.37, 270],
		[364, "PAD33_33", -610, -2215, "T", "DIP", "AD_DATA6", "", "C", 62.992, 62.992, 39.37, 39.37, 270],
		[365, "PAD33_33", -610, -2215, "B", "DIP", "AD_DATA6", "", "C", 62.992, 62.992, 39.37, 39.37, 270],
		[366, "PAD34_32", -510, -2115, "T", "DIP", "AD_DATA5", "", "C", 62.992, 62.992, 39.37, 39.37, 270],
		[367, "PAD34_32", -510, -2115, "B", "DIP", "AD_DATA5", "", "C", 62.992, 62.992, 39.37, 39.37, 270],
		[368, "PAD35_31", -610, -2115, "T", "DIP", "AD_DATA4", "", "C", 62.992, 62.992, 39.37, 39.37, 270],
		[369, "PAD35_31", -610, -2115, "B", "DIP", "AD_DATA4", "", "C", 62.992, 62.992, 39.37, 39.37, 270],
		[370, "PAD36_30", -510, -2015, "T", "DIP", "AD_DATA3", "", "C", 62.992, 62.992, 39.37, 39.37, 270],
		[371, "PAD36_30", -510, -2015, "B", "DIP", "AD_DATA3", "", "C", 62.992, 62.992, 39.37, 39.37, 270],
		[372, "PAD37_29", -610, -2015, "T", "DIP", "AD_DATA2", "", "C", 62.992, 62.992, 39.37, 39.37, 270],
		[373, "PAD37_29", -610, -2015, "B", "DIP", "AD_DATA2", "", "C", 62.992, 62.992, 39.37, 39.37, 270],
		[374, "PAD38_28", -510, -1915, "T", "DIP", "AD_DATA1", "", "C", 62.992, 62.992, 39.37, 39.37, 270],
		[375, "PAD38_28", -510, -1915, "B", "DIP", "AD_DATA1", "", "C", 62.992, 62.992, 39.37, 39.37, 270],
		[376, "PAD39_27", -610, -1915, "T", "DIP", "AD_DATA0", "", "C", 62.992, 62.992, 39.37, 39.37, 270],
		[377, "PAD39_27", -610, -1915, "B", "DIP", "AD_DATA0", "", "C", 62.992, 62.992, 39.37, 39.37, 270],
		[378, "PAD40_16", -510, -1315, "T", "DIP", "DA_PD", "", "C", 62.992, 62.992, 39.37, 39.37, 270],
		[379, "PAD40_16", -510, -1315, "B", "DIP", "DA_PD", "", "C", 62.992, 62.992, 39.37, 39.37, 270],
		[380, "PAD41_15", -610, -1315, "T", "DIP", "DA_DATA11", "", "C", 62.992, 62.992, 39.37, 39.37, 270],
		[381, "PAD41_15", -610, -1315, "B", "DIP", "DA_DATA11", "", "C", 62.992, 62.992, 39.37, 39.37, 270],
		[382, "PAD42_14", -510, -1215, "T", "DIP", "DA_DATA10", "", "C", 62.992, 62.992, 39.37, 39.37, 270],
		[383, "PAD42_14", -510, -1215, "B", "DIP", "DA_DATA10", "", "C", 62.992, 62.992, 39.37, 39.37, 270],
		[384, "PAD43_13", -610, -1215, "T", "DIP", "DA_DATA9", "", "C", 62.992, 62.992, 39.37, 39.37, 270],
		[385, "PAD43_13", -610, -1215, "B", "DIP", "DA_DATA9", "", "C", 62.992, 62.992, 39.37, 39.37, 270],
		[386, "PAD44_12", -510, -1115, "T", "DIP", "DA_DATA8", "", "C", 62.992, 62.992, 39.37, 39.37, 270],
		[387, "PAD44_12", -510, -1115, "B", "DIP", "DA_DATA8", "", "C", 62.992, 62.992, 39.37, 39.37, 270],
		[388, "PAD45_11", -610, -1115, "T", "DIP", "DA_DATA7", "", "C", 62.992, 62.992, 39.37, 39.37, 270],
		[389, "PAD45_11", -610, -1115, "B", "DIP", "DA_DATA7", "", "C", 62.992, 62.992, 39.37, 39.37, 270],
		[390, "PAD46_10", -510, -1015, "T", "DIP", "DA_DATA6", "", "C", 62.992, 62.992, 39.37, 39.37, 270],
		[391, "PAD46_10", -510, -1015, "B", "DIP", "DA_DATA6", "", "C", 62.992, 62.992, 39.37, 39.37, 270],
		[392, "PAD47_9", -610, -1015, "T", "DIP", "DA_DATA5", "", "C", 62.992, 62.992, 39.37, 39.37, 270],
		[393, "PAD47_9", -610, -1015, "B", "DIP", "DA_DATA5", "", "C", 62.992, 62.992, 39.37, 39.37, 270],
		[394, "PAD48_8", -510, -915, "T", "DIP", "DA_DATA4", "", "C", 62.992, 62.992, 39.37, 39.37, 270],
		[395, "PAD48_8", -510, -915, "B", "DIP", "DA_DATA4", "", "C", 62.992, 62.992, 39.37, 39.37, 270],
		[396, "PAD49_7", -610, -915, "T", "DIP", "DA_DATA3", "", "C", 62.992, 62.992, 39.37, 39.37, 270],
		[397, "PAD49_7", -610, -915, "B", "DIP", "DA_DATA3", "", "C", 62.992, 62.992, 39.37, 39.37, 270],
		[398, "PAD50_6", -510, -815, "T", "DIP", "DA_DATA2", "", "C", 62.992, 62.992, 39.37, 39.37, 270],
		[399, "PAD50_6", -510, -815, "B", "DIP", "DA_DATA2", "", "C", 62.992, 62.992, 39.37, 39.37, 270],
		[400, "PAD51_4", -510, -715, "T", "DIP", "DA_DATA1", "", "C", 62.992, 62.992, 39.37, 39.37, 270],
		[401, "PAD51_4", -510, -715, "B", "DIP", "DA_DATA1", "", "C", 62.992, 62.992, 39.37, 39.37, 270],
		[402, "PAD52_3", -610, -715, "T", "DIP", "DA_DATA0", "", "C", 62.992, 62.992, 39.37, 39.37, 270],
		[403, "PAD52_3", -610, -715, "B", "DIP", "DA_DATA0", "", "C", 62.992, 62.992, 39.37, 39.37, 270],
		[404, "PAD53_2", -510, -615, "T", "DIP", "DA_CLK", "", "C", 62.992, 62.992, 39.37, 39.37, 270],
		[405, "PAD53_2", -510, -615, "B", "DIP", "DA_CLK", "", "C", 62.992, 62.992, 39.37, 39.37, 270],
		[406, "PAD54_1", -610, -615, "T", "DIP", "+5V", "", "R", 62.992, 62.992, 39.37, 39.37, 270],
		[407, "PAD54_1", -610, -615, "B", "DIP", "+5V", "", "R", 62.992, 62.992, 39.37, 39.37, 270],
		[408, "PAD55_3", 2205.08, -1144.055, "T", "SMD", "GND", "GND", "R", 53.15, 165.354, 0, 0, 270],
		[409, "PAD56_2", 2205.08, -925.945, "T", "SMD", "GND", "GND", "R", 53.15, 165.354, 0, 0, 270],
		[410, "PAD57_1", 2214.921, -1035, "T", "SMD", "A_OUTPUT", "", "R", 50, 145.669, 0, 0, 270],
		[411, "PAD58_5", 2205.08, -1144.055, "B", "SMD", "GND", "GND", "R", 53.15, 165.354, 0, 0, 270],
		[412, "PAD59_4", 2205.08, -925.945, "B", "SMD", "GND", "GND", "R", 53.15, 165.354, 0, 0, 270],
		[413, "PAD60_3", 2205.08, -2279.055, "T", "SMD", "GND", "GND", "R", 53.15, 165.354, 0, 0, 270],
		[414, "PAD61_2", 2205.08, -2060.945, "T", "SMD", "GND", "GND", "R", 53.15, 165.354, 0, 0, 270],
		[415, "PAD62_1", 2214.921, -2170, "T", "SMD", "A_INPUT", "", "R", 50, 145.669, 0, 0, 270],
		[416, "PAD63_5", 2205.08, -2279.055, "B", "SMD", "GND", "GND", "R", 53.15, 165.354, 0, 0, 270],
		[417, "PAD64_4", 2205.08, -2060.945, "B", "SMD", "GND", "GND", "R", 53.15, 165.354, 0, 0, 270],
		[418, "PAD65_1", 203.97, -1933.66, "T", "SMD", "GND", "GND", "O", 14.331, 79.35, 0, 0, 270],
		[419, "PAD66_2", 203.97, -1959.25, "T", "SMD", "$1N23477", "", "O", 14.331, 79.35, 0, 0, 270],
		[420, "PAD67_3", 203.97, -1984.84, "T", "SMD", "$1N23476", "", "O", 14.331, 79.35, 0, 0, 270],
		[421, "PAD68_4", 203.97, -2010.43, "T", "SMD", "$1N23475", "", "O", 14.331, 79.35, 0, 0, 270],
		[422, "PAD69_5", 203.97, -2036.02, "T", "SMD", "$1N23474", "", "O", 14.331, 79.35, 0, 0, 270],
		[423, "PAD70_6", 203.97, -2061.61, "T", "SMD", "$1N23473", "", "O", 14.331, 79.35, 0, 0, 270],
		[424, "PAD71_7", 203.97, -2087.21, "T", "SMD", "$1N23472", "", "O", 14.331, 79.35, 0, 0, 270],
		[425, "PAD72_8", 203.97, -2112.8, "T", "SMD", "$1N23471", "", "O", 14.331, 79.35, 0, 0, 270],
		[426, "PAD73_9", 203.97, -2138.39, "T", "SMD", "$1N23470", "", "O", 14.331, 79.35, 0, 0, 270],
		[427, "PAD74_10", 203.97, -2163.98, "T", "SMD", "$1N23469", "", "O", 14.331, 79.35, 0, 0, 270],
		[428, "PAD75_11", 203.97, -2189.57, "T", "SMD", "$1N23468", "", "O", 14.331, 79.35, 0, 0, 270],
		[429, "PAD76_12", 203.97, -2215.16, "T", "SMD", "$1N23467", "", "O", 14.331, 79.35, 0, 0, 270],
		[430, "PAD77_13", 203.97, -2240.75, "T", "SMD", "$1N23466", "", "O", 14.331, 79.35, 0, 0, 270],
		[431, "PAD78_14", 203.97, -2266.34, "T", "SMD", "$1N23511", "", "O", 14.331, 79.35, 0, 0, 270],
		[432, "PAD79_28", 476.03, -1933.66, "T", "SMD", "+3.3V_AD", "", "O", 14.331, 79.35, 0, 0, 270],
		[433, "PAD80_27", 476.03, -1959.25, "T", "SMD", "+5V_AD", "", "O", 14.331, 79.35, 0, 0, 270],
		[434, "PAD81_26", 476.03, -1984.84, "T", "SMD", "GND", "GND", "O", 14.331, 79.35, 0, 0, 270],
		[435, "PAD82_25", 476.03, -2010.43, "T", "SMD", "AD_25", "", "O", 14.331, 79.35, 0, 0, 270],
		[436, "PAD83_24", 476.03, -2036.02, "T", "SMD", "AD_24", "", "O", 14.331, 79.35, 0, 0, 270],
		[437, "PAD84_23", 476.03, -2061.61, "T", "SMD", "AD_24", "", "O", 14.331, 79.35, 0, 0, 270],
		[438, "PAD85_22", 476.03, -2087.21, "T", "SMD", "$1N23502", "", "O", 14.331, 79.35, 0, 0, 270],
		[439, "PAD86_21", 476.03, -2112.8, "T", "SMD", "$1N23512", "", "O", 14.331, 79.35, 0, 0, 270],
		[440, "PAD87_20", 476.03, -2138.39, "T", "SMD", "GND", "GND", "O", 14.331, 79.35, 0, 0, 270],
		[441, "PAD88_19", 476.03, -2163.98, "T", "SMD", "GND", "GND", "O", 14.331, 79.35, 0, 0, 270],
		[442, "PAD89_18", 476.03, -2189.57, "T", "SMD", "GND", "GND", "O", 14.331, 79.35, 0, 0, 270],
		[443, "PAD90_16", 476.03, -2240.75, "T", "SMD", "GND", "GND", "O", 14.331, 79.35, 0, 0, 270],
		[444, "PAD91_15", 476.03, -2266.34, "T", "SMD", "+5V_AD", "", "O", 14.331, 79.35, 0, 0, 270],
		[445, "PAD92_1", 81.927, -1660.55, "T", "SMD", "GND", "GND", "R", 98.425, 43.307, 0, 0, 0],
		[446, "PAD93_2", 81.927, -1570, "T", "SMD", "+3.3V_A", "", "R", 98.425, 43.307, 0, 0, 0],
		[447, "PAD94_3", 81.927, -1479.45, "T", "SMD", "+5V", "", "R", 98.425, 43.307, 0, 0, 0],
		[448, "PAD95_4", -151.928, -1570, "T", "SMD", "+3.3V_A", "", "R", 92.126, 141.732, 0, 0, 0],
		[449, "PAD96_2", 1456.693, -2389.995, "T", "SMD", "GND", "GND", "R", 23.622, 39.37, 0, 0, 270],
		[450, "PAD97_3", 1456.693, -2427.395, "T", "SMD", "$1N23973", "", "R", 23.622, 39.37, 0, 0, 270],
		[451, "PAD98_1", 1456.693, -2352.605, "T", "SMD", "$1N23975", "", "R", 23.622, 39.37, 0, 0, 270],
		[452, "PAD99_4", 1543.313, -2427.405, "T", "SMD", "A_IN", "", "R", 23.622, 39.37, 0, 0, 270],
		[453, "PAD100_5", 1543.313, -2352.595, "T", "SMD", "+5V_AD", "", "R", 23.622, 39.37, 0, 0, 270],
		[454, "PAD101_2", 1268.307, -1295.005, "T", "SMD", "GND", "GND", "R", 23.622, 39.37, 0, 0, 90],
		[455, "PAD102_3", 1268.307, -1257.605, "T", "SMD", "$1N21408", "", "R", 23.622, 39.37, 0, 0, 90],
		[456, "PAD103_1", 1268.307, -1332.395, "T", "SMD", "$1N21407", "", "R", 23.622, 39.37, 0, 0, 90],
		[457, "PAD104_4", 1181.687, -1257.595, "T", "SMD", "$1N21404", "", "R", 23.622, 39.37, 0, 0, 90],
		[458, "PAD105_5", 1181.687, -1332.405, "T", "SMD", "+5V_DA", "", "R", 23.622, 39.37, 0, 0, 90],
		[459, "PAD106_2", 1745.63, -2270, "T", "SMD", "$1N23963", "", "R", 55.512, 53.15, 0, 0, 180],
		[460, "PAD107_1", 1824.37, -2270, "T", "SMD", "A_INPUT", "", "R", 55.512, 53.15, 0, 0, 180],
		[461, "PAD108_2", 1750, -2375.63, "T", "SMD", "$1N23963", "", "R", 55.512, 53.15, 0, 0, 90],
		[462, "PAD109_1", 1750, -2454.37, "T", "SMD", "GND", "GND", "R", 55.512, 53.15, 0, 0, 90],
		[463, "PAD110_2", 1575.63, -2005, "T", "SMD", "$1N23965", "", "R", 55.512, 53.15, 0, 0, 180],
		[464, "PAD111_1", 1654.37, -2005, "T", "SMD", "$1N23964", "", "R", 55.512, 53.15, 0, 0, 180],
		[465, "PAD112_2", 1569.37, -1800, "T", "SMD", "$1N23965", "", "R", 55.512, 53.15, 0, 0, 0],
		[466, "PAD113_1", 1490.63, -1800, "T", "SMD", "GND", "GND", "R", 55.512, 53.15, 0, 0, 0],
		[467, "PAD114_2", 1490.63, -2160, "T", "SMD", "A_IN", "", "R", 55.512, 53.15, 0, 0, 180],
		[468, "PAD115_1", 1569.37, -2160, "T", "SMD", "$1N23965", "", "R", 55.512, 53.15, 0, 0, 180],
		[469, "PAD116_2", 989.37, -2125, "T", "SMD", "GND", "GND", "R", 55.512, 53.15, 0, 0, 0],
		[470, "PAD117_1", 910.63, -2125, "T", "SMD", "$1N23502", "", "R", 55.512, 53.15, 0, 0, 0],
		[471, "PAD118_2", 1234.37, -2205.611, "T", "SMD", "GND", "GND", "R", 55.512, 53.15, 0, 0, 0],
		[472, "PAD119_1", 1155.63, -2205.611, "T", "SMD", "$1N23512", "", "R", 55.512, 53.15, 0, 0, 0],
		[473, "PAD120_2", 780, -2344.37, "T", "SMD", "GND", "GND", "R", 55.512, 53.15, 0, 0, 270],
		[474, "PAD121_1", 780, -2265.63, "T", "SMD", "+5V_AD", "", "R", 55.512, 53.15, 0, 0, 270],
		[475, "PAD122_2", 900, -1820.63, "T", "SMD", "GND", "GND", "R", 55.512, 53.15, 0, 0, 90],
		[476, "PAD123_1", 900, -1899.37, "T", "SMD", "+3.3V_AD", "", "R", 55.512, 53.15, 0, 0, 90],
		[477, "PAD124_2", 265, -1400.63, "T", "SMD", "GND", "GND", "R", 55.512, 53.15, 0, 0, 90],
		[478, "PAD125_1", 265, -1479.37, "T", "SMD", "+5V", "", "R", 55.512, 53.15, 0, 0, 90],
		[479, "PAD126_2", 464.37, -1650, "T", "SMD", "GND", "GND", "R", 55.512, 53.15, 0, 0, 0],
		[480, "PAD127_1", 385.63, -1650, "T", "SMD", "+3.3V_A", "", "R", 55.512, 53.15, 0, 0, 0],
		[481, "PAD128_2", 270, -1570.63, "T", "SMD", "GND", "GND", "R", 55.512, 53.15, 0, 0, 90],
		[482, "PAD129_1", 270, -1649.37, "T", "SMD", "+3.3V_A", "", "R", 55.512, 53.15, 0, 0, 90],
		[483, "PAD130_2", 430, -1559.37, "T", "SMD", "GND", "GND", "R", 55.512, 53.15, 0, 0, 270],
		[484, "PAD131_1", 430, -1480.63, "T", "SMD", "+5V", "", "R", 55.512, 53.15, 0, 0, 270],
		[485, "PAD132_2", 790.63, -1215, "T", "SMD", "$1N20960", "", "R", 55.512, 53.15, 0, 0, 180],
		[486, "PAD133_1", 869.37, -1215, "T", "SMD", "GND", "GND", "R", 55.512, 53.15, 0, 0, 180],
		[487, "PAD134_2", 894.37, -1105, "T", "SMD", "$1N20956", "", "R", 55.512, 53.15, 0, 0, 0],
		[488, "PAD135_1", 815.63, -1105, "T", "SMD", "$1N20951", "", "R", 55.512, 53.15, 0, 0, 0],
		[489, "PAD136_2", 899.37, -910, "T", "SMD", "GND", "GND", "R", 55.512, 53.15, 0, 0, 0],
		[490, "PAD137_1", 820.63, -910, "T", "SMD", "$1N20954", "", "R", 55.512, 53.15, 0, 0, 0],
		[491, "PAD138_2", 1464.37, -1000, "T", "SMD", "$1N21393", "", "R", 55.512, 53.15, 0, 0, 0],
		[492, "PAD139_1", 1385.63, -1000, "T", "SMD", "$1N21407", "", "R", 55.512, 53.15, 0, 0, 0],
		[493, "PAD140_2", 1870, -1209.37, "T", "SMD", "A_OUTPUT", "", "R", 55.512, 53.15, 0, 0, 270],
		[494, "PAD141_1", 1870, -1130.63, "T", "SMD", "$1N21392", "", "R", 55.512, 53.15, 0, 0, 270],
		[495, "PAD142_2", 1770, -1125.63, "T", "SMD", "$1N21399", "", "R", 55.512, 53.15, 0, 0, 90],
		[496, "PAD143_1", 1770, -1204.37, "T", "SMD", "GND", "GND", "R", 55.512, 53.15, 0, 0, 90],
		[497, "PAD144_2", 1565, -1120.63, "T", "SMD", "$1N21400", "", "R", 55.512, 53.15, 0, 0, 90],
		[498, "PAD145_1", 1565, -1199.37, "T", "SMD", "GND", "GND", "R", 55.512, 53.15, 0, 0, 90],
		[499, "PAD146_2", 1265.63, -1795, "T", "SMD", "AD_25", "", "R", 55.512, 53.15, 0, 0, 180],
		[500, "PAD147_1", 1344.37, -1795, "T", "SMD", "$1N23972", "", "R", 55.512, 53.15, 0, 0, 180],
		[501, "PAD148_2", 725.63, -2035, "T", "SMD", "AD_24", "", "R", 55.512, 53.15, 0, 0, 180],
		[502, "PAD149_1", 804.37, -2035, "T", "SMD", "GND", "GND", "R", 55.512, 53.15, 0, 0, 180],
		[503, "PAD150_2", 1285, -1920.63, "T", "SMD", "AD_25", "", "R", 55.512, 53.15, 0, 0, 90],
		[504, "PAD151_1", 1285, -1999.37, "T", "SMD", "GND", "GND", "R", 55.512, 53.15, 0, 0, 90],
		[505, "PAD152_2", 1229.37, -2110, "T", "SMD", "GND", "GND", "R", 55.512, 53.15, 0, 0, 0],
		[506, "PAD153_1", 1150.63, -2110, "T", "SMD", "AD_24", "", "R", 55.512, 53.15, 0, 0, 0],
		[507, "PAD154_1", 1870, -2453.04, "T", "SMD", "GND", "GND", "R", 44.588, 54.213, 0, 0, 90],
		[508, "PAD155_2", 1870, -2376.96, "T", "SMD", "$1N23963", "", "R", 44.588, 54.213, 0, 0, 90],
		[509, "PAD156_1", 1748.04, -2165, "T", "SMD", "$1N23963", "", "R", 44.588, 54.213, 0, 0, 180],
		[510, "PAD157_2", 1671.96, -2165, "T", "SMD", "$1N23964", "", "R", 44.588, 54.213, 0, 0, 180],
		[511, "PAD158_1", 1685, -1878.04, "T", "SMD", "GND", "GND", "R", 44.588, 54.213, 0, 0, 90],
		[512, "PAD159_2", 1685, -1801.96, "T", "SMD", "$1N23965", "", "R", 44.588, 54.213, 0, 0, 90],
		[513, "PAD160_1", 810, -758.04, "T", "SMD", "$1N20951", "", "R", 44.588, 54.213, 0, 0, 90],
		[514, "PAD161_2", 810, -681.96, "T", "SMD", "+3.3V_DA", "", "R", 44.588, 54.213, 0, 0, 90],
		[515, "PAD162_1", 1576.96, -1000, "T", "SMD", "$1N21400", "", "R", 44.588, 54.213, 0, 0, 0],
		[516, "PAD163_2", 1653.04, -1000, "T", "SMD", "$1N21401", "", "R", 44.588, 54.213, 0, 0, 0],
		[517, "PAD164_1", 1676.96, -845, "T", "SMD", "$1N21401", "", "R", 44.588, 54.213, 0, 0, 0],
		[518, "PAD165_2", 1753.04, -845, "T", "SMD", "$1N21399", "", "R", 44.588, 54.213, 0, 0, 0],
		[519, "PAD166_2", 1935, -2269.37, "T", "SMD", "A_INPUT", "", "R", 44.588, 54.213, 0, 0, 270],
		[520, "PAD167_1", 1935, -2190.63, "T", "SMD", "GND", "GND", "R", 44.588, 54.213, 0, 0, 270],
		[521, "PAD168_2", -314.37, -1860, "T", "SMD", "AD_DATA0", "", "R", 44.588, 54.213, 0, 0, 180],
		[522, "PAD169_1", -235.63, -1860, "T", "SMD", "$1N23477", "", "R", 44.588, 54.213, 0, 0, 180],
		[523, "PAD170_2", -59.37, -1915, "T", "SMD", "AD_DATA1", "", "R", 44.588, 54.213, 0, 0, 180],
		[524, "PAD171_1", 19.37, -1915, "T", "SMD", "$1N23476", "", "R", 44.588, 54.213, 0, 0, 180],
		[525, "PAD172_2", -318.7465, -1956.92, "T", "SMD", "AD_DATA2", "", "R", 44.588, 54.213, 0, 0, 180],
		[526, "PAD173_1", -240.0065, -1956.92, "T", "SMD", "$1N23475", "", "R", 44.588, 54.213, 0, 0, 180],
		[527, "PAD174_2", -59.37, -2015, "T", "SMD", "AD_DATA3", "", "R", 44.588, 54.213, 0, 0, 180],
		[528, "PAD175_1", 19.37, -2015, "T", "SMD", "$1N23474", "", "R", 44.588, 54.213, 0, 0, 180],
		[529, "PAD176_2", -318.7465, -2059.817, "T", "SMD", "AD_DATA4", "", "R", 44.588, 54.213, 0, 0, 180],
		[530, "PAD177_1", -240.0065, -2059.817, "T", "SMD", "$1N23473", "", "R", 44.588, 54.213, 0, 0, 180],
		[531, "PAD178_2", -49.37, -2105, "T", "SMD", "AD_DATA5", "", "R", 44.588, 54.213, 0, 0, 180],
		[532, "PAD179_1", 29.37, -2105, "T", "SMD", "$1N23472", "", "R", 44.588, 54.213, 0, 0, 180],
		[533, "PAD180_2", -318.7465, -2162.714, "T", "SMD", "AD_DATA6", "", "R", 44.588, 54.213, 0, 0, 180],
		[534, "PAD181_1", -240.0065, -2162.714, "T", "SMD", "$1N23471", "", "R", 44.588, 54.213, 0, 0, 180],
		[535, "PAD182_2", -54.37, -2205, "T", "SMD", "AD_DATA7", "", "R", 44.588, 54.213, 0, 0, 180],
		[536, "PAD183_1", 24.37, -2205, "T", "SMD", "$1N23470", "", "R", 44.588, 54.213, 0, 0, 180],
		[537, "PAD184_2", -319.37, -2260, "T", "SMD", "AD_DATA8", "", "R", 44.588, 54.213, 0, 0, 180],
		[538, "PAD185_1", -240.63, -2260, "T", "SMD", "$1N23469", "", "R", 44.588, 54.213, 0, 0, 180],
		[539, "PAD186_2", -235.63, -665, "T", "SMD", "$1N6900", "", "R", 44.588, 54.213, 0, 0, 0],
		[540, "PAD187_1", -314.37, -665, "T", "SMD", "DA_DATA0", "", "R", 44.588, 54.213, 0, 0, 0],
		[541, "PAD188_2", 29.37, -705, "T", "SMD", "$1N6902", "", "R", 44.588, 54.213, 0, 0, 0],
		[542, "PAD189_1", -49.37, -705, "T", "SMD", "DA_DATA1", "", "R", 44.588, 54.213, 0, 0, 0],
		[543, "PAD190_2", 29.37, -800, "T", "SMD", "$1N6904", "", "R", 44.588, 54.213, 0, 0, 0],
		[544, "PAD191_1", -49.37, -800, "T", "SMD", "DA_DATA2", "", "R", 44.588, 54.213, 0, 0, 0],
		[545, "PAD192_2", -235.63, -870, "T", "SMD", "$1N6906", "", "R", 44.588, 54.213, 0, 0, 0],
		[546, "PAD193_1", -314.37, -870, "T", "SMD", "DA_DATA3", "", "R", 44.588, 54.213, 0, 0, 0],
		[547, "PAD194_2", 29.37, -915, "T", "SMD", "$1N6908", "", "R", 44.588, 54.213, 0, 0, 0],
		[548, "PAD195_1", -49.37, -915, "T", "SMD", "DA_DATA4", "", "R", 44.588, 54.213, 0, 0, 0],
		[549, "PAD196_2", -235.63, -960, "T", "SMD", "$1N6910", "", "R", 44.588, 54.213, 0, 0, 0],
		[550, "PAD197_1", -314.37, -960, "T", "SMD", "DA_DATA5", "", "R", 44.588, 54.213, 0, 0, 0],
		[551, "PAD198_2", 29.37, -1015, "T", "SMD", "$1N6912", "", "R", 44.588, 54.213, 0, 0, 0],
		[552, "PAD199_1", -49.37, -1015, "T", "SMD", "DA_DATA6", "", "R", 44.588, 54.213, 0, 0, 0],
		[553, "PAD200_2", -235.63, -1050, "T", "SMD", "$1N6914", "", "R", 44.588, 54.213, 0, 0, 0],
		[554, "PAD201_1", -314.37, -1050, "T", "SMD", "DA_DATA7", "", "R", 44.588, 54.213, 0, 0, 0],
		[555, "PAD202_2", 29.37, -1105, "T", "SMD", "$1N6916", "", "R", 44.588, 54.213, 0, 0, 0],
		[556, "PAD203_1", -49.37, -1105, "T", "SMD", "DA_DATA8", "", "R", 44.588, 54.213, 0, 0, 0],
		[557, "PAD204_2", -235.63, -1155, "T", "SMD", "$1N6918", "", "R", 44.588, 54.213, 0, 0, 0],
		[558, "PAD205_1", -314.37, -1155, "T", "SMD", "DA_DATA9", "", "R", 44.588, 54.213, 0, 0, 0],
		[559, "PAD206_2", 29.37, -1205, "T", "SMD", "$1N6920", "", "R", 44.588, 54.213, 0, 0, 0],
		[560, "PAD207_1", -49.37, -1205, "T", "SMD", "DA_DATA10", "", "R", 44.588, 54.213, 0, 0, 0],
		[561, "PAD208_2", -235.63, -1265, "T", "SMD", "$1N6922", "", "R", 44.588, 54.213, 0, 0, 0],
		[562, "PAD209_1", -314.37, -1265, "T", "SMD", "DA_DATA11", "", "R", 44.588, 54.213, 0, 0, 0],
		[563, "PAD210_2", 24.37, -1315, "T", "SMD", "$1N1041", "", "R", 44.588, 54.213, 0, 0, 0],
		[564, "PAD211_1", -54.37, -1315, "T", "SMD", "DA_PD", "", "R", 44.588, 54.213, 0, 0, 0],
		[565, "PAD212_2", -49.37, -610, "T", "SMD", "DA_CLK", "", "R", 44.588, 54.213, 0, 0, 180],
		[566, "PAD213_1", 29.37, -610, "T", "SMD", "$1N18747", "", "R", 44.588, 54.213, 0, 0, 180],
		[567, "PAD214_2", -319.37, -2465, "T", "SMD", "AD_CLK_IN", "", "R", 44.588, 54.213, 0, 0, 180],
		[568, "PAD215_1", -240.63, -2465, "T", "SMD", "$1N23511", "", "R", 44.588, 54.213, 0, 0, 180],
		[569, "PAD216_2", 1015.63, -1165, "T", "SMD", "$1N20963", "", "R", 44.588, 54.213, 0, 0, 180],
		[570, "PAD217_1", 1094.37, -1165, "T", "SMD", "GND", "GND", "R", 44.588, 54.213, 0, 0, 180],
		[571, "PAD218_2", 1030.63, -825, "T", "SMD", "DA22", "", "R", 44.588, 54.213, 0, 0, 180],
		[572, "PAD219_1", 1109.37, -825, "T", "SMD", "GND", "GND", "R", 44.588, 54.213, 0, 0, 180],
		[573, "PAD220_2", 1104.37, -715, "T", "SMD", "$1N21404", "", "R", 44.588, 54.213, 0, 0, 0],
		[574, "PAD221_1", 1025.63, -715, "T", "SMD", "DA22", "", "R", 44.588, 54.213, 0, 0, 0],
		[575, "PAD222_2", 1079.37, -1015, "T", "SMD", "$1N21408", "", "R", 44.588, 54.213, 0, 0, 0],
		[576, "PAD223_1", 1000.63, -1015, "T", "SMD", "DA21", "", "R", 44.588, 54.213, 0, 0, 0],
		[577, "PAD224_2", 1359.37, -720, "T", "SMD", "$1N21407", "", "R", 44.588, 54.213, 0, 0, 0],
		[578, "PAD225_1", 1280.63, -720, "T", "SMD", "$1N21404", "", "R", 44.588, 54.213, 0, 0, 0],
		[579, "PAD226_2", 1175, -995.63, "T", "SMD", "$1N21408", "", "R", 44.588, 54.213, 0, 0, 90],
		[580, "PAD227_1", 1175, -1074.37, "T", "SMD", "GND", "GND", "R", 44.588, 54.213, 0, 0, 90],
		[581, "PAD228_2", 899.37, -1015, "T", "SMD", "DA21", "", "R", 44.588, 54.213, 0, 0, 0],
		[582, "PAD229_1", 820.63, -1015, "T", "SMD", "GND", "GND", "R", 44.588, 54.213, 0, 0, 0],
		[583, "PAD230_2", -54.37, -2310, "T", "SMD", "AD_DATA9", "", "R", 44.588, 54.213, 0, 0, 180],
		[584, "PAD231_1", 24.37, -2310, "T", "SMD", "$1N23468", "", "R", 44.588, 54.213, 0, 0, 180],
		[585, "PAD232_2", -319.37, -2365, "T", "SMD", "AD_DATA10", "", "R", 44.588, 54.213, 0, 0, 180],
		[586, "PAD233_1", -240.63, -2365, "T", "SMD", "$1N23467", "", "R", 44.588, 54.213, 0, 0, 180],
		[587, "PAD234_2", -49.37, -2415, "T", "SMD", "AD_DATA11", "", "R", 44.588, 54.213, 0, 0, 180],
		[588, "PAD235_1", 29.37, -2415, "T", "SMD", "$1N23466", "", "R", 44.588, 54.213, 0, 0, 180],
		[589, "PAD236_2", 1345.63, -2540, "T", "SMD", "$1N23973", "", "R", 44.588, 54.213, 0, 0, 180],
		[590, "PAD237_1", 1424.37, -2540, "T", "SMD", "GND", "GND", "R", 44.588, 54.213, 0, 0, 180],
		[591, "PAD238_2", 1225, -2340.63, "T", "SMD", "$1N23975", "", "R", 44.588, 54.213, 0, 0, 90],
		[592, "PAD239_1", 1225, -2419.37, "T", "SMD", "$1N23973", "", "R", 44.588, 54.213, 0, 0, 90],
		[593, "PAD240_2", 1370, -2150.63, "T", "SMD", "$1N23972", "", "R", 44.588, 54.213, 0, 0, 90],
		[594, "PAD241_1", 1370, -2229.37, "T", "SMD", "$1N23975", "", "R", 44.588, 54.213, 0, 0, 90],
		[595, "PAD242_2", 1052.6815, -2205.611, "T", "SMD", "GND", "GND", "R", 55.512, 53.15, 0, 0, 0],
		[596, "PAD243_1", 973.9415, -2205.611, "T", "SMD", "$1N23512", "", "R", 55.512, 53.15, 0, 0, 0],
		[597, "PAD244_2", 784.37, -2150, "T", "SMD", "GND", "GND", "R", 55.512, 53.15, 0, 0, 0],
		[598, "PAD245_1", 705.63, -2150, "T", "SMD", "$1N23502", "", "R", 55.512, 53.15, 0, 0, 0],
		[599, "PAD246_2", 995, -2379.37, "T", "SMD", "GND", "GND", "R", 55.512, 53.15, 0, 0, 270],
		[600, "PAD247_1", 995, -2300.63, "T", "SMD", "+5V_AD", "", "R", 55.512, 53.15, 0, 0, 270],
		[601, "PAD248_2", 1094.37, -1900, "T", "SMD", "GND", "GND", "R", 55.512, 53.15, 0, 0, 0],
		[602, "PAD249_1", 1015.63, -1900, "T", "SMD", "+3.3V_AD", "", "R", 55.512, 53.15, 0, 0, 0],
		[603, "PAD250_2", 1169.66, -1990, "T", "SMD", "AD_24", "", "R", 31.751, 34.016, 0, 0, 0],
		[604, "PAD251_1", 1110.34, -1990, "T", "SMD", "AD_25", "", "R", 31.751, 34.016, 0, 0, 0],
		[605, "PAD252_2", 1670, -1120.63, "T", "SMD", "$1N21401", "", "R", 55.512, 53.15, 0, 0, 90],
		[606, "PAD253_1", 1670, -1199.37, "T", "SMD", "GND", "GND", "R", 55.512, 53.15, 0, 0, 90],
		[607, "PAD254_1", 1466.96, -835, "T", "SMD", "$1N21393", "", "R", 44.588, 54.213, 0, 0, 0],
		[608, "PAD255_2", 1543.04, -835, "T", "SMD", "$1N21400", "", "R", 44.588, 54.213, 0, 0, 0],
		[609, "PAD256_1", 1766.96, -990, "T", "SMD", "$1N21399", "", "R", 44.588, 54.213, 0, 0, 0],
		[610, "PAD257_2", 1843.04, -990, "T", "SMD", "$1N21392", "", "R", 44.588, 54.213, 0, 0, 0],
		[611, "PAD258_1", 731.96, -560, "T", "SMD", "+3.3V_A", "", "R", 44.588, 54.213, 0, 0, 0],
		[612, "PAD259_2", 808.04, -560, "T", "SMD", "+3.3V_DA", "", "R", 44.588, 54.213, 0, 0, 0],
		[613, "PAD260_1", 543.04, -2410, "T", "SMD", "+5V", "", "R", 44.588, 54.213, 0, 0, 180],
		[614, "PAD261_2", 466.96, -2410, "T", "SMD", "+5V_AD", "", "R", 44.588, 54.213, 0, 0, 180],
		[615, "PAD262_1", 650, -1756.96, "T", "SMD", "+3.3V_A", "", "R", 44.588, 54.213, 0, 0, 270],
		[616, "PAD263_2", 650, -1833.04, "T", "SMD", "+3.3V_AD", "", "R", 44.588, 54.213, 0, 0, 270],
		[617, "PAD264_1", 755, -1491.96, "T", "SMD", "+5V", "", "R", 44.588, 54.213, 0, 0, 270],
		[618, "PAD265_2", 755, -1568.04, "T", "SMD", "+5V_DA", "", "R", 44.588, 54.213, 0, 0, 270]
	]
}
}